{"loss": [363.0233459472656, 255.05897521972656, 223.9116668701172, 198.62905883789062, 180.59811401367188, 159.26036071777344, 147.0440216064453, 127.94715118408203, 112.1978988647461, 98.89508819580078, 84.39432525634766, 66.84098052978516, 58.942474365234375, 48.49696731567383, 43.5007438659668, 37.537742614746094, 36.918800354003906, 28.432443618774414, 32.89668273925781, 24.43466567993164, 27.7518310546875, 21.920175552368164, 19.90826416015625, 15.605489730834961, 25.934778213500977, 14.480388641357422, 17.473859786987305, 15.07837963104248, 16.139204025268555, 17.189207077026367, 9.329992294311523, 18.107624053955078, 12.772893905639648, 9.872118949890137, 11.408112525939941, 13.019996643066406, 6.013516426086426, 15.880388259887695, 7.433773040771484, 11.004226684570312, 10.788032531738281, 7.051149845123291, 9.480396270751953, 11.046283721923828, 9.35152530670166, 9.053692817687988, 6.200381755828857, 9.523371696472168, 8.954146385192871, 9.70492935180664], "mae": [13.905047416687012, 11.463923454284668, 10.19240951538086, 9.248600006103516, 8.606207847595215, 7.900026798248291, 7.5000505447387695, 6.857996463775635, 6.40629243850708, 5.952605724334717, 5.5471014976501465, 4.984927654266357, 4.755490303039551, 4.373733997344971, 4.147193431854248, 3.896498203277588, 3.817401885986328, 3.4316601753234863, 3.5742452144622803, 3.2228758335113525, 3.3204867839813232, 3.024080991744995, 2.889414072036743, 2.669194221496582, 3.1801295280456543, 2.5725393295288086, 2.7210257053375244, 2.56246280670166, 2.5523126125335693, 2.6665401458740234, 2.1520590782165527, 2.7254297733306885, 2.335787773132324, 2.154472589492798, 2.2295920848846436, 2.3430097103118896, 1.7974488735198975, 2.50274920463562, 1.9074857234954834, 2.1592772006988525, 2.1455795764923096, 1.8670625686645508, 2.0789549350738525, 2.0640969276428223, 2.0255892276763916, 1.9936025142669678, 1.71762216091156, 1.9336814880371094, 1.8882089853286743, 1.9799379110336304], "root_mean_squared_error": [19.053171157836914, 15.970565795898438, 14.963678359985352, 14.093582153320312, 13.438679695129395, 12.619839668273926, 12.126171112060547, 11.311372756958008, 10.592350959777832, 9.944601058959961, 9.186637878417969, 8.175633430480957, 7.6774001121521, 6.9639763832092285, 6.5955095291137695, 6.126805305480957, 6.076084613800049, 5.332208156585693, 5.735562801361084, 4.943143367767334, 5.268000602722168, 4.681898593902588, 4.461867809295654, 3.95037841796875, 5.092619895935059, 3.8053104877471924, 4.180174827575684, 3.8830888271331787, 4.017362594604492, 4.145987033843994, 3.0545036792755127, 4.255305290222168, 3.573918581008911, 3.1419928073883057, 3.377589702606201, 3.608323097229004, 2.452247142791748, 3.985020399093628, 2.726494550704956, 3.3172619342803955, 3.2845139503479004, 2.655400037765503, 3.0790252685546875, 3.3235950469970703, 3.0580263137817383, 3.0089354515075684, 2.4900565147399902, 3.08599591255188, 2.9923479557037354, 3.1152734756469727], "R_squared": [0.3964270055294037, 0.5887342095375061, 0.6377907395362854, 0.6811705827713013, 0.7089638113975525, 0.7446179389953613, 0.7628640532493591, 0.7930482625961304, 0.8174871206283569, 0.8400213122367859, 0.8620614409446716, 0.8911228775978088, 0.9028469920158386, 0.9194574952125549, 0.9284225106239319, 0.9380282163619995, 0.9376511573791504, 0.9528548717498779, 0.9454599618911743, 0.9596262574195862, 0.9537734389305115, 0.963309109210968, 0.9667738080024719, 0.9738959074020386, 0.9567555785179138, 0.976035475730896, 0.971167802810669, 0.9750433564186096, 0.9733553528785706, 0.9711280465126038, 0.9845384359359741, 0.9703769087791443, 0.9788752198219299, 0.9837413430213928, 0.9808032512664795, 0.9786798357963562, 0.9899834394454956, 0.9740168452262878, 0.9875105619430542, 0.9816006422042847, 0.9819360375404358, 0.9882474541664124, 0.9839932918548584, 0.98140549659729, 0.9843562245368958, 0.9850495457649231, 0.9897775650024414, 0.9839714765548706, 0.9851808547973633, 0.9838207364082336], "val_loss": [244.98468017578125, 282.1722412109375, 238.58999633789062, 207.57656860351562, 214.1291046142578, 372.1946105957031, 138.21060180664062, 150.25216674804688, 115.91827392578125, 130.43434143066406, 87.46234130859375, 126.753662109375, 113.87490844726562, 93.64481353759766, 83.8868637084961, 50.227928161621094, 83.26127624511719, 39.23917770385742, 31.836894989013672, 167.96511840820312, 35.23752212524414, 30.201387405395508, 85.76819610595703, 33.464725494384766, 48.100467681884766, 30.85167121887207, 23.531349182128906, 22.730514526367188, 80.43283081054688, 14.338868141174316, 28.79766845703125, 46.20423889160156, 18.858068466186523, 29.21053695678711, 26.436140060424805, 15.061325073242188, 11.657968521118164, 36.93594741821289, 10.881865501403809, 9.400533676147461, 59.264549255371094, 38.54344177246094, 11.180807113647461, 23.797292709350586, 87.67486572265625, 19.219078063964844, 44.45191192626953, 12.77051830291748, 37.60454559326172, 10.056966781616211], "val_mae": [11.319799423217773, 12.74996566772461, 10.376444816589355, 10.11655044555664, 9.802894592285156, 14.255446434020996, 7.156073570251465, 7.560316562652588, 6.601617813110352, 7.0325517654418945, 5.935537338256836, 7.676087379455566, 7.253270626068115, 5.970663547515869, 5.362741470336914, 3.9647977352142334, 5.741979122161865, 4.291335582733154, 3.395374298095703, 8.271871566772461, 3.4974517822265625, 3.2452588081359863, 5.425583362579346, 3.2616727352142334, 3.853097915649414, 3.9511866569519043, 2.697690725326538, 2.723896026611328, 5.750197410583496, 2.256716012954712, 3.3485302925109863, 3.826805830001831, 2.567708969116211, 2.694457769393921, 2.7772750854492188, 2.192657947540283, 2.1724166870117188, 3.4478871822357178, 1.9391944408416748, 1.9349372386932373, 4.5990309715271, 4.312352657318115, 1.9244693517684937, 2.9828040599823, 5.914767265319824, 3.0818982124328613, 3.266706943511963, 2.287480592727661, 3.3333916664123535, 1.728130578994751], "val_root_mean_squared_error": [15.651986122131348, 16.797983169555664, 15.446358680725098, 14.407517433166504, 14.633151054382324, 19.29234504699707, 11.75629997253418, 12.257739067077637, 10.766534805297852, 11.420784950256348, 9.352129936218262, 11.258492469787598, 10.671218872070312, 9.677024841308594, 9.158977508544922, 7.0871663093566895, 9.124761581420898, 6.264118194580078, 5.642419338226318, 12.960135459899902, 5.93612003326416, 5.495578765869141, 9.261112213134766, 5.784870624542236, 6.935450077056885, 5.5544281005859375, 4.850912094116211, 4.767652988433838, 8.968435287475586, 3.7866697311401367, 5.3663458824157715, 6.797369956970215, 4.342587471008301, 5.404677391052246, 5.141608715057373, 3.880892276763916, 3.414376735687256, 6.077495098114014, 3.298767328262329, 3.0660288333892822, 7.698347091674805, 6.208336353302002, 3.343771457672119, 4.878246784210205, 9.363485336303711, 4.3839569091796875, 6.667226791381836, 3.5735862255096436, 6.132254600524902, 3.171272039413452], "val_R_squared": [0.6086360812187195, 0.5421839356422424, 0.6175076365470886, 0.6703416705131531, 0.6559062004089355, 0.3938664495944977, 0.7807242274284363, 0.759407639503479, 0.8149869441986084, 0.7934376001358032, 0.8580896854400635, 0.7944341897964478, 0.8163777589797974, 0.8476858139038086, 0.8623601198196411, 0.9183051586151123, 0.8657650351524353, 0.9352660179138184, 0.9464524388313293, 0.7307382225990295, 0.9422991275787354, 0.9499828219413757, 0.8629416227340698, 0.9461594820022583, 0.9212067127227783, 0.9475569128990173, 0.9613040089607239, 0.9630220532417297, 0.8669679164886475, 0.9771983027458191, 0.9521879553794861, 0.9234740138053894, 0.9693801999092102, 0.9537748694419861, 0.9548219442367554, 0.9754288792610168, 0.9813286662101746, 0.9400779604911804, 0.9833964705467224, 0.9841316938400269, 0.9023053050041199, 0.9372262358665466, 0.9825731515884399, 0.9592663645744324, 0.8565232753753662, 0.9682210087776184, 0.9287170767784119, 0.97934889793396, 0.9386011958122253, 0.9832449555397034]}