{"loss": [331.7742614746094, 240.74072265625, 220.288818359375, 206.6112518310547, 187.1790008544922, 176.0961456298828, 161.2570343017578, 161.30772399902344, 155.57073974609375, 144.86561584472656, 132.3824462890625, 127.7547607421875, 99.23950958251953, 70.59973907470703, 61.373451232910156, 48.53590393066406, 38.25039291381836, 38.09286117553711, 24.611587524414062, 26.932575225830078, 27.506471633911133, 20.24945068359375, 23.52988052368164, 18.295074462890625, 16.062223434448242, 16.336198806762695, 14.339315414428711, 13.825891494750977, 19.663105010986328, 11.940420150756836, 8.56851577758789, 16.66622543334961, 9.089337348937988, 8.461943626403809, 9.550094604492188, 11.624898910522461, 8.557208061218262, 7.026068210601807, 7.108614444732666, 11.683624267578125, 5.7903361320495605, 2.9536352157592773, 9.902139663696289, 14.100630760192871, 7.556484699249268, 7.3317790031433105, 3.714078426361084, 6.662083148956299, 8.869702339172363, 10.995912551879883, 4.468774795532227, 2.8250606060028076, 9.653545379638672, 3.246483564376831, 2.667788505554199, 9.067380905151367, 2.779141902923584, 10.055663108825684, 3.198099374771118, 3.3706464767456055, 4.703423023223877, 2.599290370941162, 5.415769577026367, 2.026745080947876, 4.338361740112305], "mae": [13.588897705078125, 10.880654335021973, 10.105552673339844, 9.610259056091309, 8.863285064697266, 8.433899879455566, 7.815831184387207, 7.728880882263184, 7.465879440307617, 7.068453788757324, 6.5862040519714355, 6.486476898193359, 5.812717437744141, 4.9566264152526855, 4.687440872192383, 4.176187038421631, 3.7699553966522217, 3.6696410179138184, 3.119521379470825, 3.1587603092193604, 3.124208688735962, 2.787221908569336, 2.8909196853637695, 2.6375820636749268, 2.42220139503479, 2.4848315715789795, 2.273963451385498, 2.33048939704895, 2.551856279373169, 2.154503583908081, 1.8192592859268188, 2.440060615539551, 1.9284636974334717, 1.872559905052185, 1.8397835493087769, 2.0921871662139893, 1.8514609336853027, 1.6569052934646606, 1.7138943672180176, 1.9774882793426514, 1.5587539672851562, 1.2760734558105469, 1.829963207244873, 2.076287031173706, 1.6719053983688354, 1.7005245685577393, 1.336608648300171, 1.596415638923645, 1.6978697776794434, 1.8075603246688843, 1.4189707040786743, 1.2085403203964233, 1.7969887256622314, 1.2640774250030518, 1.1758111715316772, 1.6651890277862549, 1.179412841796875, 1.7182611227035522, 1.2249549627304077, 1.226073980331421, 1.322635293006897, 1.139369249343872, 1.355154275894165, 1.0394028425216675, 1.2675584554672241], "root_mean_squared_error": [18.214672088623047, 15.51582145690918, 14.842129707336426, 14.373977661132812, 13.681337356567383, 13.270122528076172, 12.698701858520508, 12.700697898864746, 12.472800254821777, 12.036012649536133, 11.505756378173828, 11.302865028381348, 9.961902618408203, 8.402364730834961, 7.834120750427246, 6.966771125793457, 6.184689998626709, 6.17194128036499, 4.9610066413879395, 5.189660549163818, 5.2446608543396, 4.49993896484375, 4.8507609367370605, 4.277274131774902, 4.00777006149292, 4.041806221008301, 3.786728858947754, 3.718318223953247, 4.434309959411621, 3.455491304397583, 2.9272027015686035, 4.082428932189941, 3.01485276222229, 2.9089419841766357, 3.090322732925415, 3.4095306396484375, 2.9252705574035645, 2.6506731510162354, 2.666198492050171, 3.4181315898895264, 2.4063117504119873, 1.7186143398284912, 3.146766424179077, 3.7550806999206543, 2.748906135559082, 2.707725763320923, 1.9271944761276245, 2.581101179122925, 2.9782044887542725, 3.3160085678100586, 2.113947629928589, 1.6807916164398193, 3.107015371322632, 1.8018001317977905, 1.6333365440368652, 3.01120924949646, 1.6670758724212646, 3.1710665225982666, 1.7883230447769165, 1.8359320163726807, 2.1687376499176025, 1.6122314929962158, 2.3271806240081787, 1.4236379861831665, 2.0828733444213867], "R_squared": [0.4597555696964264, 0.6134014129638672, 0.6457298398017883, 0.6682202219963074, 0.6968744993209839, 0.7163592576980591, 0.7414154410362244, 0.7403970956802368, 0.7511230707168579, 0.7671408653259277, 0.7872777581214905, 0.7945098280906677, 0.8379926681518555, 0.8816518187522888, 0.8993838429450989, 0.919414222240448, 0.9360097050666809, 0.9364994168281555, 0.9593380689620972, 0.9553045034408569, 0.9542421102523804, 0.966159999370575, 0.9613736271858215, 0.9693185687065125, 0.9735349416732788, 0.9722386598587036, 0.9767857193946838, 0.9771366715431213, 0.9670347571372986, 0.9804001450538635, 0.9857276678085327, 0.9725831151008606, 0.9847743511199951, 0.9858719110488892, 0.9843447208404541, 0.9807604551315308, 0.9855484366416931, 0.9882014989852905, 0.987833559513092, 0.9805392622947693, 0.9903388619422913, 0.9950416088104248, 0.9838081002235413, 0.9763749241828918, 0.987690806388855, 0.9875602126121521, 0.9936838746070862, 0.9887796640396118, 0.9853376746177673, 0.9815779328346252, 0.9924466013908386, 0.9953503012657166, 0.9842065572738647, 0.9945378303527832, 0.9955254197120667, 0.9856000542640686, 0.9953464269638062, 0.983384907245636, 0.9946067333221436, 0.9942909479141235, 0.9920053482055664, 0.9956727623939514, 0.9906888008117676, 0.9966151118278503, 0.992743968963623], "val_loss": [269.0856018066406, 237.38528442382812, 233.3024139404297, 217.93226623535156, 222.9227752685547, 189.53749084472656, 166.91981506347656, 151.88613891601562, 154.29852294921875, 167.68199157714844, 189.87380981445312, 131.08334350585938, 94.88347625732422, 73.52947235107422, 93.00749969482422, 81.71900939941406, 42.734798431396484, 32.73632049560547, 66.4797134399414, 34.4417610168457, 42.81299591064453, 23.135822296142578, 67.5876235961914, 17.22275161743164, 17.14507293701172, 17.588787078857422, 23.413034439086914, 69.9149398803711, 67.6764907836914, 13.580687522888184, 148.67822265625, 14.58470630645752, 11.035538673400879, 17.18081283569336, 20.298683166503906, 12.3042573928833, 13.7852783203125, 36.62026596069336, 104.63520050048828, 19.738771438598633, 8.222089767456055, 7.327874660491943, 8.598503112792969, 12.784077644348145, 16.220977783203125, 35.923099517822266, 5.683114528656006, 24.340782165527344, 14.7666597366333, 45.11497497558594, 45.293148040771484, 432.64501953125, 83.56559753417969, 8.771050453186035, 5.607323169708252, 33.69662094116211, 7.754186630249023, 12.257681846618652, 6.995036602020264, 5.860686302185059, 7.15513277053833, 25.32494354248047, 9.586307525634766, 6.574465274810791, 107.01666259765625], "val_mae": [11.955774307250977, 10.707069396972656, 10.449502944946289, 10.12035083770752, 10.38598918914795, 8.936738014221191, 8.014205932617188, 7.494142055511475, 7.653648376464844, 7.4026408195495605, 8.922582626342773, 6.649057865142822, 5.477514743804932, 4.813811779022217, 5.765359878540039, 4.963239669799805, 3.660480499267578, 3.7680766582489014, 4.475761413574219, 3.593217611312866, 3.6345207691192627, 2.860719680786133, 4.607172012329102, 2.4385924339294434, 2.4884510040283203, 2.5735154151916504, 2.6158735752105713, 4.739597320556641, 4.433831214904785, 2.4968605041503906, 6.53683614730835, 2.328033447265625, 1.893524169921875, 2.1812362670898438, 2.6049656867980957, 2.0747907161712646, 2.0876288414001465, 4.232399940490723, 4.741307735443115, 2.12925386428833, 1.6445988416671753, 1.5471417903900146, 1.6631439924240112, 1.8802882432937622, 1.9107805490493774, 3.0075464248657227, 1.4444242715835571, 2.20424222946167, 1.9936988353729248, 2.585887908935547, 2.169541120529175, 9.24232006072998, 3.489917278289795, 1.7065550088882446, 1.3503068685531616, 3.4256768226623535, 1.510454535484314, 1.97691810131073, 1.491510033607483, 1.399656891822815, 1.604270577430725, 1.7644480466842651, 1.4295423030853271, 1.3360573053359985, 2.9335994720458984],