{"loss": [305.9339294433594, 248.9501495361328, 235.41847229003906, 221.22496032714844, 186.3488311767578, 148.87940979003906, 116.89784240722656, 94.01836395263672, 79.53330993652344, 67.47412109375, 57.81401443481445, 49.02219009399414, 43.870201110839844, 38.61625671386719, 35.845428466796875, 32.811737060546875, 28.33224105834961, 26.187334060668945, 23.530986785888672, 23.81488800048828, 21.20052719116211, 19.532115936279297, 19.760053634643555, 16.843252182006836, 16.826677322387695, 15.564665794372559, 12.539741516113281, 15.993128776550293, 11.483668327331543, 14.6478853225708, 12.640210151672363, 10.740503311157227, 10.204508781433105, 12.26013469696045, 7.939795970916748, 10.171575546264648, 9.987701416015625, 6.975314617156982, 10.200382232666016, 10.845541000366211, 7.025091648101807, 7.985035419464111, 9.782233238220215, 5.800106525421143, 9.474793434143066, 6.174107551574707, 6.2208333015441895, 7.631119251251221, 4.725591659545898, 8.432372093200684, 5.402503967285156, 9.20496654510498, 4.39048433303833, 4.146816253662109, 8.660130500793457, 6.4380388259887695, 5.606017589569092, 4.502028465270996, 4.975898265838623, 5.689205169677734, 4.037395000457764, 7.263437271118164, 3.9804093837738037, 6.408956527709961, 3.4061238765716553, 4.001511573791504, 4.203170299530029, 3.5729076862335205, 6.298275470733643], "mae": [12.814414024353027, 11.048187255859375, 10.579635620117188, 10.116744995117188, 9.154829025268555, 8.046546936035156, 7.0378594398498535, 6.385072231292725, 5.848917007446289, 5.379091739654541, 5.032695770263672, 4.691052436828613, 4.450691223144531, 4.173707962036133, 4.063084602355957, 3.8827006816864014, 3.665480375289917, 3.5310184955596924, 3.367473840713501, 3.3786416053771973, 3.182607650756836, 3.1005895137786865, 3.075124979019165, 2.907165765762329, 2.855952262878418, 2.7782154083251953, 2.540142059326172, 2.7619173526763916, 2.4503426551818848, 2.640638589859009, 2.486468553543091, 2.3811216354370117, 2.31073260307312, 2.417720079421997, 2.0818932056427, 2.2748944759368896, 2.2288856506347656, 1.9678170680999756, 2.204660177230835, 2.2111897468566895, 1.9377326965332031, 2.014270067214966, 2.162172555923462, 1.7952467203140259, 2.1141395568847656, 1.8044556379318237, 1.7933858633041382, 1.9420047998428345, 1.6308006048202515, 2.0020060539245605, 1.691465973854065, 1.9492547512054443, 1.5782729387283325, 1.5474226474761963, 1.9440556764602661, 1.6716067790985107, 1.6793427467346191, 1.5533941984176636, 1.6008330583572388, 1.6511942148208618, 1.496938943862915, 1.7244857549667358, 1.4835429191589355, 1.6947468519210815, 1.3895291090011597, 1.4529149532318115, 1.484333872795105, 1.4057774543762207, 1.6489695310592651], "root_mean_squared_error": [17.490966796875, 15.778154373168945, 15.343352317810059, 14.873632431030273, 13.65096378326416, 12.201615333557129, 10.811930656433105, 9.696306228637695, 8.918145179748535, 8.214262962341309, 7.60355281829834, 7.001584529876709, 6.623458385467529, 6.214198112487793, 5.987105369567871, 5.728152751922607, 5.322803974151611, 5.117356300354004, 4.850874900817871, 4.880049705505371, 4.604403018951416, 4.419515132904053, 4.445228099822998, 4.104053020477295, 4.1020331382751465, 3.9452078342437744, 3.541149616241455, 3.999140977859497, 3.388756275177002, 3.8272554874420166, 3.555307149887085, 3.277270555496216, 3.1944496631622314, 3.5014474391937256, 2.8177642822265625, 3.189290761947632, 3.160332441329956, 2.6410820484161377, 3.1938037872314453, 3.293256998062134, 2.65048885345459, 2.8257803916931152, 3.1276559829711914, 2.4083409309387207, 3.078115224838257, 2.4847750663757324, 2.494159698486328, 2.7624480724334717, 2.173842668533325, 2.9038546085357666, 2.324328660964966, 3.033968687057495, 2.0953481197357178, 2.0363731384277344, 2.942809820175171, 2.5373289585113525, 2.3677029609680176, 2.121798276901245, 2.2306721210479736, 2.3852055072784424, 2.009326934814453, 2.6950764656066895, 1.9950963258743286, 2.5315916538238525, 1.8455687761306763, 2.000377893447876, 2.050163507461548, 1.8902136087417603, 2.509636402130127], "R_squared": [0.5037357807159424, 0.5977926254272461, 0.6173059344291687, 0.6436625719070435, 0.6994212865829468, 0.7565081715583801, 0.8070600628852844, 0.8428962230682373, 0.8679651021957397, 0.8883790969848633, 0.9041315913200378, 0.9184417128562927, 0.9259284734725952, 0.9345780611038208, 0.9403239488601685, 0.9447567462921143, 0.9515499472618103, 0.9563305974006653, 0.9604600071907043, 0.9597011208534241, 0.9643207788467407, 0.9671450257301331, 0.9668833017349243, 0.971501350402832, 0.9716160893440247, 0.9735079407691956, 0.9790431261062622, 0.9728701710700989, 0.9806004762649536, 0.9754018187522888, 0.9787718653678894, 0.9818015098571777, 0.9826459288597107, 0.979468047618866, 0.986679196357727, 0.9829127788543701, 0.9830540418624878, 0.9882359504699707, 0.9830275177955627, 0.9816909432411194, 0.9879651665687561, 0.9866031408309937, 0.9833478927612305, 0.9902104735374451, 0.9839931130409241, 0.9894360303878784, 0.9896985292434692, 0.9870324730873108, 0.9920878410339355, 0.9856542944908142, 0.9909241795539856, 0.9846728444099426, 0.9926132559776306, 0.9930552840232849, 0.9849883317947388, 0.9894044399261475, 0.9904979467391968, 0.9924708604812622, 0.9917750954627991, 0.9905774593353271, 0.9931656718254089, 0.9878512620925903, 0.9932395219802856, 0.9891257882118225, 0.9942570924758911, 0.9931625723838806, 0.9929231405258179, 0.9939011335372925, 0.9895769357681274], "val_loss": [304.65777587890625, 265.16534423828125, 301.1274719238281, 808.5651245117188, 394.3670959472656, 863.06298828125, 113.0356674194336, 169.28265380859375, 100.10427856445312, 64.52986145019531, 85.46245574951172, 57.88040542602539, 52.08403778076172, 439.520751953125, 101.33040618896484, 79.00003051757812, 40.944664001464844, 58.64107894897461, 52.00455856323242, 41.6666145324707, 25.945636749267578, 27.71270179748535, 29.81507682800293, 36.73213195800781, 34.895084381103516, 53.420013427734375, 41.59498596191406, 20.47471046447754, 47.03902053833008, 36.76655197143555, 50.17193603515625, 17.94326400756836, 83.29495239257812, 15.33505630493164, 23.473323822021484, 88.31727600097656, 20.717323303222656, 14.133264541625977, 16.04798126220703, 17.634227752685547, 13.023884773254395, 19.513914108276367, 63.201053619384766, 11.970697402954102, 11.815253257751465, 12.256874084472656, 15.053438186645508, 13.626631736755371, 33.20425796508789, 19.52745246887207, 11.402946472167969, 14.700932502746582, 16.73036766052246, 35.061763763427734, 11.167793273925781, 76.67681121826172, 14.609644889831543, 11.482987403869629, 10.107125282287598, 47.93196105957031, 13.388507843017578, 16.02205467224121, 11.895112037658691, 13.884090423583984, 14.599175453186035, 11.616283416748047, 11.471799850463867, 14.95815658569336, 10.254700660705566],