{"loss": [324.3608093261719, 260.6634826660156, 230.27076721191406, 207.92343139648438, 160.57366943359375, 121.57523345947266, 96.7861099243164, 77.8421630859375, 65.03373718261719, 57.9285888671875, 47.83642578125, 43.097206115722656, 36.37593078613281, 35.088687896728516, 30.76961898803711, 29.60548973083496, 25.385631561279297, 23.009092330932617, 22.181121826171875, 19.54337501525879, 18.42964744567871, 16.87407875061035, 17.09075927734375, 14.656352043151855, 15.050734519958496, 13.149721145629883, 12.23211669921875, 12.724915504455566, 11.083446502685547, 12.108621597290039, 11.028231620788574, 10.073280334472656, 9.49664306640625, 9.12722110748291, 9.141889572143555, 8.737720489501953, 7.483153343200684, 10.525666236877441, 6.623602390289307, 7.541924953460693, 7.7382683753967285, 6.574139595031738, 7.346220970153809, 7.0683770179748535, 5.422012805938721, 6.525966167449951, 6.238598346710205, 5.064860820770264, 8.988649368286133, 5.0716447830200195, 6.481805801391602, 5.611046314239502, 5.255234241485596, 4.798703670501709, 4.7356462478637695], "mae": [13.522904396057129, 11.551910400390625, 10.51195240020752, 9.873050689697266, 8.621509552001953, 7.46701192855835, 6.637274742126465, 6.053879261016846, 5.541890621185303, 5.248996734619141, 4.804653167724609, 4.564691543579102, 4.265401840209961, 4.176518440246582, 3.8969576358795166, 3.7871434688568115, 3.567570924758911, 3.4004440307617188, 3.35581111907959, 3.1687800884246826, 3.065092086791992, 2.9635205268859863, 2.945059299468994, 2.7468531131744385, 2.7784807682037354, 2.6144890785217285, 2.5240044593811035, 2.559964179992676, 2.4074881076812744, 2.488321542739868, 2.366703748703003, 2.2801928520202637, 2.2249906063079834, 2.1765708923339844, 2.1683855056762695, 2.109308958053589, 1.9787406921386719, 2.241055965423584, 1.8805232048034668, 1.9894523620605469, 1.9826164245605469, 1.870558738708496, 1.9338637590408325, 1.9038476943969727, 1.7209097146987915, 1.8282344341278076, 1.7943265438079834, 1.6628841161727905, 2.012422561645508, 1.632478952407837, 1.7872653007507324, 1.701269507408142, 1.6319102048873901, 1.6059125661849976, 1.5781968832015991], "root_mean_squared_error": [18.010019302368164, 16.14507484436035, 15.174674987792969, 14.419549942016602, 12.67176628112793, 11.026115417480469, 9.837992668151855, 8.822820663452148, 8.064349174499512, 7.611083030700684, 6.916388034820557, 6.564846038818359, 6.031246185302734, 5.923570156097412, 5.547036647796631, 5.441092491149902, 5.038415431976318, 4.796779155731201, 4.709683895111084, 4.420788764953613, 4.292976379394531, 4.107807159423828, 4.134097099304199, 3.8283615112304688, 3.8795275688171387, 3.6262543201446533, 3.4974443912506104, 3.567199945449829, 3.329180955886841, 3.4797444343566895, 3.320878028869629, 3.1738431453704834, 3.08166241645813, 3.0211291313171387, 3.0235557556152344, 2.955963611602783, 2.735535144805908, 3.244328260421753, 2.573636054992676, 2.7462565898895264, 2.7817742824554443, 2.5640084743499756, 2.7103912830352783, 2.658641815185547, 2.328521490097046, 2.5545969009399414, 2.497718572616577, 2.2505245208740234, 2.998107671737671, 2.252031087875366, 2.5459392070770264, 2.368764638900757, 2.2924296855926514, 2.190594434738159, 2.1761538982391357], "R_squared": [0.4702063798904419, 0.5771989226341248, 0.6283950805664062, 0.664330005645752, 0.7390183210372925, 0.8016017079353333, 0.8399248719215393, 0.8708022236824036, 0.8926085829734802, 0.9026098251342773, 0.9199691414833069, 0.9280282258987427, 0.9396284222602844, 0.9413114190101624, 0.9486944079399109, 0.9501416683197021, 0.9575424194335938, 0.9615586996078491, 0.9625990986824036, 0.9670158624649048, 0.9693121910095215, 0.9716906547546387, 0.9715206027030945, 0.9756275415420532, 0.974911630153656, 0.9778862595558167, 0.9795287847518921, 0.9787378907203674, 0.9813337922096252, 0.9798859357833862, 0.9814976453781128, 0.9831416010856628, 0.984183132648468, 0.9844911098480225, 0.9847249388694763, 0.985379159450531, 0.9874668121337891, 0.9822024703025818, 0.9887182116508484, 0.9873735904693604, 0.987043023109436, 0.9890040159225464, 0.9876288771629333, 0.9880468845367432, 0.9908782839775085, 0.98898845911026, 0.9893084764480591, 0.9914373159408569, 0.9849571585655212, 0.9915124773979187, 0.9891694784164429, 0.9906079769134521, 0.9911296963691711, 0.9918833374977112, 0.9921305179595947], "val_loss": [340.2472839355469, 351.9508056640625, 256.1221923828125, 228.94387817382812, 296.6248474121094, 187.16339111328125, 230.6723175048828, 136.24159240722656, 65.79422760009766, 67.52474975585938, 89.51127624511719, 53.79608154296875, 88.3603515625, 62.76127624511719, 75.02743530273438, 26.308895111083984, 46.032894134521484, 28.08477210998535, 31.65040397644043, 34.44589614868164, 34.540504455566406, 17.286563873291016, 27.326618194580078, 26.355823516845703, 35.88397979736328, 25.072254180908203, 16.208356857299805, 15.344978332519531, 16.797395706176758, 21.85007095336914, 39.00309371948242, 21.994647979736328, 19.178386688232422, 12.634893417358398, 17.552303314208984, 12.164706230163574, 22.036293029785156, 13.51458740234375, 27.074848175048828, 15.832736015319824, 12.067695617675781, 26.55849266052246, 11.37607479095459, 34.475608825683594, 9.5286283493042, 10.791378021240234, 11.325163841247559, 10.542680740356445, 10.435762405395508, 9.653850555419922, 15.358367919921875, 10.014606475830078, 14.31461238861084, 11.514188766479492, 68.24714660644531], "val_mae": [13.703872680664062, 14.016029357910156, 11.23537540435791, 11.219339370727539, 12.438379287719727, 10.28732681274414, 11.169373512268066, 8.167811393737793, 5.615184307098389, 5.83988094329834, 6.733137130737305, 5.294813632965088, 7.030142307281494, 5.350427150726318, 6.206121444702148, 3.554032802581787, 4.621706008911133, 3.7107458114624023, 3.854846954345703, 4.111717700958252, 4.122769832611084, 2.923963785171509, 3.4368069171905518, 3.498945713043213, 4.383919715881348, 3.255599021911621, 2.7820377349853516, 2.640377998352051, 2.8358688354492188, 3.133716344833374, 4.386289119720459, 3.1177103519439697, 2.727659225463867, 2.356079339981079, 2.7350783348083496, 2.319577932357788, 3.0143003463745117, 2.4474079608917236, 3.258544683456421, 2.6036345958709717, 2.3470239639282227, 3.0306429862976074, 2.241161823272705, 3.8821492195129395, 2.170217514038086, 2.1757280826568604, 2.1128427982330322, 2.276801586151123, 2.1157565116882324, 1.9608091115951538, 2.4758968353271484, 2.1033945083618164, 2.6711621284484863, 2.0731170177459717, 5.184804439544678], "val_root_mean_squared_error": [18.44579315185547, 18.760353088378906, 16.00381851196289, 15.130891799926758, 17.22279930114746, 13.680767059326172, 15.187899589538574, 11.672257423400879, 8.111364364624023, 8.217344284057617, 9.461039543151855, 7.334580898284912, 9.400018692016602, 7.922201633453369, 8.661837577819824, 5.1292195320129395, 6.784754276275635, 5.299506664276123, 5.625869274139404, 5.869062423706055, 5.877117156982422, 4.157711029052734, 5.227486610412598, 5.133792400360107, 5.990324020385742, 5.007220268249512, 4.025960445404053, 3.917266607284546, 4.0984625816345215, 4.674406051635742, 6.245245456695557, 4.689845085144043, 4.3793134689331055, 3.5545594692230225, 4.189546585083008, 3.4877939224243164, 4.6942830085754395, 3.6762192249298096, 5.203349590301514, 3.979037046432495, 3.4738588333129883, 5.1534929275512695, 3.3728437423706055, 5.871593475341797, 3.0868475437164307, 3.2850232124328613, 3.365288019180298, 3.2469494342803955, 3.230443000793457, 3.1070644855499268, 3.918975353240967, 3.164586305618286, 3.783465623855591, 3.393256187438965, 8.26118278503418],