{"loss": [330.92724609375, 267.4099426269531, 261.70849609375, 226.0800018310547, 212.55914306640625, 205.81072998046875, 204.250732421875, 208.05874633789062, 183.22915649414062, 174.20382690429688, 162.8070068359375, 142.40664672851562, 121.16207885742188, 93.65342712402344, 74.92083740234375, 56.398983001708984, 55.4984245300293, 42.13788604736328, 37.3182373046875, 33.36046600341797, 29.82640266418457, 26.528127670288086, 25.42428207397461, 25.90242576599121, 19.11712646484375, 21.547893524169922, 21.816165924072266, 16.516799926757812, 16.496728897094727, 16.599599838256836, 16.30574607849121, 16.15894889831543, 14.16045093536377, 12.552412033081055, 13.563972473144531, 13.833577156066895, 12.028667449951172], "mae": [13.69570255279541, 11.878679275512695, 11.664565086364746, 10.372153282165527, 9.747308731079102, 9.464569091796875, 9.355392456054688, 9.425715446472168, 8.433653831481934, 8.118515968322754, 7.745751857757568, 7.148767471313477, 6.590375900268555, 5.823741436004639, 5.263236045837402, 4.663064002990723, 4.564253807067871, 4.045776844024658, 3.831674337387085, 3.6466317176818848, 3.471525192260742, 3.315056562423706, 3.2276079654693604, 3.1796135902404785, 2.8300628662109375, 2.963632345199585, 2.9478816986083984, 2.644941568374634, 2.6455752849578857, 2.6303625106811523, 2.5967185497283936, 2.5795719623565674, 2.423542022705078, 2.3186194896698, 2.3418476581573486, 2.3520188331604004, 2.2349698543548584], "root_mean_squared_error": [18.19140625, 16.35267448425293, 16.177406311035156, 15.035956382751465, 14.579407691955566, 14.346104621887207, 14.291631698608398, 14.424241065979004, 13.536216735839844, 13.198629379272461, 12.759584426879883, 11.933424949645996, 11.007364273071289, 9.677470207214355, 8.655682563781738, 7.509925365447998, 7.449726581573486, 6.49137020111084, 6.108865261077881, 5.775852203369141, 5.461355209350586, 5.150546073913574, 5.04224967956543, 5.089442729949951, 4.372313499450684, 4.641970634460449, 4.670777797698975, 4.064086437225342, 4.06161642074585, 4.074260711669922, 4.038037300109863, 4.019819259643555, 3.7630374431610107, 3.542938232421875, 3.682929754257202, 3.7193517684936523, 3.4682369232177734], "R_squared": [0.4627188444137573, 0.5649957656860352, 0.5747466683387756, 0.6322431564331055, 0.6561089158058167, 0.6700963377952576, 0.6709355711936951, 0.6654923558235168, 0.7045472860336304, 0.7213712334632874, 0.739645779132843, 0.7698874473571777, 0.8045750260353088, 0.8480663299560547, 0.8769289255142212, 0.9069847464561462, 0.9087944030761719, 0.9298860430717468, 0.9383928179740906, 0.9451894760131836, 0.9509010910987854, 0.955035924911499, 0.9578989744186401, 0.9568268060684204, 0.9676321148872375, 0.9645004868507385, 0.963080108165741, 0.9721764326095581, 0.9724816679954529, 0.9725469350814819, 0.9722667336463928, 0.9733229875564575, 0.9761600494384766, 0.9787976145744324, 0.9774236679077148, 0.976703405380249, 0.9795663952827454], "val_loss": [260.3065185546875, 100061.265625, 249.2964324951172, 250.41371154785156, 196828336.0, 714.5675659179688, 187.15208435058594, 236.4058380126953, 186.62539672851562, 188.35443115234375, 159.77212524414062, 188.10411071777344, 107.0314712524414, 203.6864776611328, 94.90574645996094, 101.99185943603516, 63.38942337036133, 48.31775665283203, 59.61052703857422, 56.98698806762695, 38.1202507019043, 39.39844512939453, 30.884567260742188, 51.95488739013672, 242.90652465820312, 77.64604187011719, 23.380468368530273, 36.14022445678711, 563.6936645507812, 1748.3255615234375, 34846.37890625, 104.38592529296875, 20873.630859375, 20734766.0, 13329300.0, 72953672.0, 6396.48193359375], "val_mae": [11.708633422851562, 28.716773986816406, 10.790379524230957, 10.537453651428223, 1659.830078125, 12.007307052612305, 8.519561767578125, 10.683722496032715, 8.413865089416504, 8.621710777282715, 8.10490608215332, 9.163031578063965, 6.235299110412598, 8.040881156921387, 5.823854446411133, 6.247106552124023, 4.792896270751953, 4.0689167976379395, 5.041534900665283, 4.491634368896484, 4.0251970291137695, 3.648550510406494, 3.633556604385376, 3.3739242553710938, 4.478259563446045, 4.6546502113342285, 2.964712381362915, 3.7261240482330322, 6.7154340744018555, 4.450322151184082, 12.459986686706543, 4.4519362449646, 10.930761337280273, 257.9576416015625, 239.40309143066406, 393.0568542480469, 6.259417533874512], "val_root_mean_squared_error": [16.134016036987305, 316.3246154785156, 15.78912353515625, 15.82446575164795, 14029.5517578125, 26.731395721435547, 13.680354118347168, 15.375494956970215, 13.661089897155762, 13.724227905273438, 12.64009952545166, 13.715105056762695, 10.345601081848145, 14.27187728881836, 9.741958618164062, 10.099102020263672, 7.961747646331787, 6.95109748840332, 7.720785140991211, 7.5489726066589355, 6.174160003662109, 6.27681827545166, 5.5573883056640625, 7.207973957061768, 15.585458755493164, 8.811698913574219, 4.8353352546691895, 6.011673927307129, 23.742233276367188, 41.81298065185547, 186.67184448242188, 10.21694278717041, 144.4770965576172, 4553.5439453125, 3650.931396484375, 8541.2919921875, 79.9780044555664], "val_R_squared": [0.5870957374572754, -124.97942352294922, 0.6014645099639893, 0.6016625761985779, -331970.25, -0.41312453150749207, 0.7041884064674377, 0.6249591112136841, 0.7060518264770508, 0.7048316597938538, 0.7473227977752686, 0.698569118976593, 0.8292067646980286, 0.6738907098770142, 0.8456752300262451, 0.8383347988128662, 0.8965553641319275, 0.9213119149208069, 0.9056404232978821, 0.9054509997367859, 0.9375883936882019, 0.9359655380249023, 0.9498530626296997, 0.9130697846412659, 0.5987876653671265, 0.876941978931427, 0.9616230726242065, 0.9403026103973389, 0.19822606444358826, -1.1526371240615845, -60.62112808227539, 0.8433060050010681, -24.595081329345703, -44172.6640625, -28387.833984375, -175497.3125, -13.659857749938965]}