{"loss": [305.17779541015625, 248.13319396972656, 226.81582641601562, 208.22132873535156, 174.2415313720703, 140.35714721679688, 108.88339233398438, 88.60923767089844, 76.38224792480469, 63.20245361328125, 54.63720703125, 51.665889739990234, 44.95037078857422, 39.572174072265625, 35.000526428222656, 35.20198059082031, 30.79717254638672, 27.36604118347168, 27.271936416625977, 25.033531188964844, 20.686960220336914, 23.863147735595703, 17.56932258605957, 25.146947860717773, 17.6174373626709, 23.10142707824707, 12.340821266174316, 19.02586555480957, 13.747119903564453, 17.779647827148438, 14.789777755737305, 8.49448299407959, 17.768455505371094, 10.109512329101562, 14.550293922424316, 6.31936502456665, 14.088434219360352, 11.585137367248535, 12.335606575012207, 6.321217060089111, 12.583723068237305, 9.624146461486816, 10.151000022888184, 12.032288551330566], "mae": [12.952916145324707, 11.197402954101562, 10.392958641052246, 9.705255508422852, 8.754593849182129, 7.642262935638428, 6.660128116607666, 5.95194149017334, 5.529321193695068, 5.031675815582275, 4.663060188293457, 4.4835286140441895, 4.249122619628906, 3.962237596511841, 3.6985020637512207, 3.673701286315918, 3.4681670665740967, 3.2824790477752686, 3.260672092437744, 3.1055490970611572, 2.8934247493743896, 3.0504043102264404, 2.6140785217285156, 3.004225969314575, 2.6034107208251953, 2.837329864501953, 2.2683265209198, 2.6169886589050293, 2.3352718353271484, 2.572226047515869, 2.347710132598877, 1.9452526569366455, 2.479658365249634, 2.0360329151153564, 2.2353270053863525, 1.7827569246292114, 2.2334892749786377, 2.058662176132202, 2.0831544399261475, 1.7153865098953247, 2.0737006664276123, 1.9220004081726074, 1.8865195512771606, 2.067263603210449], "root_mean_squared_error": [17.469337463378906, 15.752243995666504, 15.060405731201172, 14.429876327514648, 13.200057983398438, 11.847241401672363, 10.434720039367676, 9.413248062133789, 8.739693641662598, 7.9499969482421875, 7.391698360443115, 7.187898635864258, 6.704503536224365, 6.290641784667969, 5.91612434387207, 5.9331254959106445, 5.549520015716553, 5.231256008148193, 5.222253799438477, 5.00335168838501, 4.54829216003418, 4.8849921226501465, 4.191577434539795, 5.014673233032227, 4.19731330871582, 4.806394100189209, 3.5129504203796387, 4.361865043640137, 3.7077109813690186, 4.216591835021973, 3.845747947692871, 2.91452956199646, 4.215264320373535, 3.1795458793640137, 3.8144845962524414, 2.5138347148895264, 3.7534563541412354, 3.4036946296691895, 3.5122082233428955, 2.5142030715942383, 3.5473544597625732, 3.102280855178833, 3.186063289642334, 3.4687588214874268], "R_squared": [0.5022536516189575, 0.5978272557258606, 0.6341272592544556, 0.6622477769851685, 0.714959442615509, 0.7714637517929077, 0.8206948041915894, 0.8545055389404297, 0.8736980557441711, 0.8956443071365356, 0.9098768830299377, 0.9149200320243835, 0.9248595237731934, 0.9339898228645325, 0.9420454502105713, 0.9408626556396484, 0.9490723609924316, 0.954045295715332, 0.9538308382034302, 0.9576330184936523, 0.9657111763954163, 0.9603472948074341, 0.9709694981575012, 0.9581193923950195, 0.9700097441673279, 0.9614377617835999, 0.9794641137123108, 0.9688165187835693, 0.9771532416343689, 0.9709096550941467, 0.9755256772041321, 0.9856166839599609, 0.9706120491027832, 0.9832333922386169, 0.975754976272583, 0.9893516302108765, 0.9762215614318848, 0.9801811575889587, 0.9794559478759766, 0.9893913865089417, 0.979426383972168, 0.983875036239624, 0.9833222031593323, 0.9795646667480469], "val_loss": [341.59661865234375, 309.6236877441406, 345.14453125, 194.16461181640625, 200.19863891601562, 145.60960388183594, 195.25608825683594, 144.39834594726562, 111.07786560058594, 53.438594818115234, 55.02865982055664, 69.04460144042969, 72.94113159179688, 107.81400299072266, 48.62577438354492, 61.41846466064453, 94.98342895507812, 22.511415481567383, 47.50926971435547, 43.242088317871094, 34.63309097290039, 33.09840393066406, 125.2608642578125, 22.182737350463867, 39.941307067871094, 27.70758819580078, 29.31146240234375, 17.781885147094727, 103.3243637084961, 20.241199493408203, 15.974383354187012, 13.464409828186035, 30.478248596191406, 10.515667915344238, 20.536720275878906, 23.06099510192871, 29.089649200439453, 19.708019256591797, 12.20838451385498, 21.221115112304688, 47.355438232421875, 56.69355010986328, 26.059337615966797, 17.08184242248535], "val_mae": [13.93820571899414, 13.057286262512207, 13.436893463134766, 9.63524055480957, 9.413239479064941, 8.048785209655762, 9.64876651763916, 7.213972091674805, 6.3362579345703125, 4.426568984985352, 4.654910087585449, 5.457993507385254, 4.986086368560791, 5.895573616027832, 4.1086249351501465, 4.474345684051514, 5.470299243927002, 3.036588191986084, 3.9578657150268555, 4.014700412750244, 3.3639121055603027, 3.3559465408325195, 6.4705047607421875, 2.802236557006836, 3.4313390254974365, 3.047780752182007, 3.0141570568084717, 2.660677433013916, 5.1802496910095215, 2.6543478965759277, 2.38869309425354, 2.2017366886138916, 3.3941500186920166, 1.9991567134857178, 2.534087896347046, 2.668316125869751, 3.1351935863494873, 2.3396170139312744, 2.155928611755371, 2.2761571407318115, 3.7976813316345215, 3.507533550262451, 2.6932971477508545, 2.3754525184631348], "val_root_mean_squared_error": [18.482332229614258, 17.596126556396484, 18.578065872192383, 13.934295654296875, 14.14915657043457, 12.066880226135254, 13.973405838012695, 12.016586303710938, 10.539348602294922, 7.310170650482178, 7.418130397796631, 8.309308052062988, 8.540557861328125, 10.383352279663086, 6.973217964172363, 7.836993217468262, 9.745944023132324, 4.744619369506836, 6.892696857452393, 6.575871467590332, 5.884988307952881, 5.7531208992004395, 11.191999435424805, 4.709855079650879, 6.319913387298584, 5.263799667358398, 5.414006233215332, 4.216856956481934, 10.1648588180542, 4.499022006988525, 3.9967966079711914, 3.6693882942199707, 5.5207109451293945, 3.2427871227264404, 4.531745910644531, 4.802186489105225, 5.393481731414795, 4.439371585845947, 3.4940497875213623, 4.606637954711914, 6.881528854370117, 7.52951192855835, 5.10483455657959, 4.133018493652344], "val_R_squared": [0.45452582836151123, 0.5038737058639526, 0.43013131618499756, 0.6902340054512024, 0.6797332763671875, 0.7674989104270935, 0.6852040886878967, 0.7655422687530518, 0.8148434162139893, 0.9114938974380493, 0.9106637835502625, 0.8863323926925659, 0.8810492157936096, 0.829513430595398, 0.9199797511100769, 0.9006882309913635, 0.8445864319801331, 0.9628456830978394, 0.9226288795471191, 0.9296130537986755, 0.9435189962387085, 0.9457845091819763, 0.7996889352798462, 0.9645480513572693, 0.9360097050666809, 0.9546355605125427, 0.9536397457122803, 0.9702566862106323, 0.833286702632904, 0.9658309817314148, 0.9733394384384155, 0.9769962430000305, 0.9495270252227783, 0.9812418818473816, 0.9666948914527893, 0.961979329586029, 0.9512463808059692, 0.9667468667030334, 0.9783113598823547, 0.9637724161148071, 0.9264127612113953, 0.9123266339302063, 0.9582212567329407, 0.9706782698631287]}