{"loss": [314.5952453613281, 229.77499389648438, 201.1355743408203, 173.9584503173828, 146.21029663085938, 116.17292785644531, 93.20411682128906, 69.74223327636719, 54.82559585571289, 47.15424728393555, 36.52336502075195, 30.91065788269043, 28.32903480529785, 24.539413452148438, 22.061697006225586, 20.380720138549805, 17.44330406188965, 15.430919647216797, 15.0310640335083, 14.501449584960938, 12.524078369140625, 13.108133316040039, 12.227478981018066, 9.993603706359863, 10.147171974182129, 9.529366493225098, 8.660490036010742, 7.9312520027160645, 8.195182800292969, 8.72249984741211, 6.259981155395508, 8.585094451904297, 5.73316764831543, 7.008591175079346, 6.720836162567139, 6.44574499130249, 5.097713470458984, 7.724798202514648, 4.400594234466553, 6.020449161529541, 5.523760795593262, 5.562844276428223, 5.081845760345459, 4.585810661315918, 4.215014934539795, 6.82357931137085, 4.30094575881958, 6.7211713790893555, 3.109522819519043, 3.690857172012329, 5.176760673522949, 3.3193228244781494, 4.347313404083252, 5.252050399780273, 3.798241138458252, 2.941742181777954, 3.3413949012756348, 4.214549541473389, 3.135774612426758, 3.908163547515869, 2.571776866912842, 3.7945566177368164, 4.25160551071167, 2.7859582901000977, 4.162679195404053, 1.9989515542984009, 5.441892147064209, 2.0787580013275146, 3.562553644180298, 2.09723162651062, 3.7194435596466064, 2.464021921157837, 3.5914688110351562, 2.1824533939361572, 2.5594639778137207, 2.0654854774475098], "mae": [13.181805610656738, 10.454292297363281, 9.373458862304688, 8.474028587341309, 7.706254959106445, 6.776198863983154, 6.170781135559082, 5.447873115539551, 4.911985874176025, 4.608358383178711, 4.073950290679932, 3.837573766708374, 3.6887307167053223, 3.4731030464172363, 3.302177906036377, 3.1874866485595703, 2.9605836868286133, 2.8196723461151123, 2.789403200149536, 2.703687906265259, 2.541644811630249, 2.573897123336792, 2.4906647205352783, 2.281526565551758, 2.309162139892578, 2.236443519592285, 2.1655800342559814, 2.0858402252197266, 2.0973193645477295, 2.1227548122406006, 1.8568235635757446, 2.0980818271636963, 1.7844218015670776, 1.9339425563812256, 1.8887581825256348, 1.8292275667190552, 1.698176383972168, 1.9498941898345947, 1.5789254903793335, 1.7811543941497803, 1.7097309827804565, 1.6806683540344238, 1.645709753036499, 1.5907078981399536, 1.5121558904647827, 1.7975596189498901, 1.5065948963165283, 1.6734015941619873, 1.3457969427108765, 1.4398212432861328, 1.6259080171585083, 1.3790504932403564, 1.4844762086868286, 1.5092742443084717, 1.4161264896392822, 1.2870707511901855, 1.3700308799743652, 1.4638283252716064, 1.3202857971191406, 1.4207054376602173, 1.2166537046432495, 1.391731858253479, 1.4314548969268799, 1.2127083539962769, 1.410030484199524, 1.0893186330795288, 1.4578564167022705, 1.1025019884109497, 1.3464608192443848, 1.1116368770599365, 1.3470854759216309, 1.1722590923309326, 1.3237441778182983, 1.1142385005950928, 1.185848355293274, 1.100389003753662], "root_mean_squared_error": [17.736833572387695, 15.158330917358398, 14.18222713470459, 13.1893310546875, 12.091744422912598, 10.77835464477539, 9.654227256774902, 8.351181983947754, 7.404430866241455, 6.866894721984863, 6.043456077575684, 5.559735298156738, 5.322502613067627, 4.9537272453308105, 4.696988105773926, 4.514501094818115, 4.176517963409424, 3.928220748901367, 3.8769915103912354, 3.808076858520508, 3.5389373302459717, 3.6205155849456787, 3.49678111076355, 3.1612660884857178, 3.185462474822998, 3.0869672298431396, 2.94287109375, 2.8162479400634766, 2.862722873687744, 2.95338773727417, 2.501995325088501, 2.9300332069396973, 2.3944034576416016, 2.647374391555786, 2.5924575328826904, 2.5388472080230713, 2.2578115463256836, 2.7793521881103516, 2.097759246826172, 2.453660249710083, 2.3502681255340576, 2.3585681915283203, 2.2542948722839355, 2.1414506435394287, 2.0530500411987305, 2.6121981143951416, 2.0738720893859863, 2.592522144317627, 1.7633838653564453, 1.921160340309143, 2.275249481201172, 1.8219008445739746, 2.0850212574005127, 2.2917351722717285, 1.9489076137542725, 1.7151507139205933, 1.8279483318328857, 2.0529367923736572, 1.7708117961883545, 1.97690749168396, 1.6036760807037354, 1.9479621648788452, 2.0619421005249023, 1.6691190004348755, 2.040264368057251, 1.413842797279358, 2.3327863216400146, 1.4417898654937744, 1.8874727487564087, 1.4481821060180664, 1.9285858869552612, 1.5697203874588013, 1.895117163658142, 1.4773129224777222, 1.599832534790039, 1.437179684638977], "R_squared": [0.4874105751514435, 0.6300383806228638, 0.6769919395446777, 0.7182172536849976, 0.763278067111969, 0.8108068704605103, 0.8478595018386841, 0.8846527338027954, 0.9091973900794983, 0.9212888479232788, 0.9387248158454895, 0.948374330997467, 0.9530705213546753, 0.9593238234519958, 0.963444709777832, 0.965865969657898, 0.9711395502090454, 0.9744209051132202, 0.9751219153404236, 0.9759049415588379, 0.9793277978897095, 0.9784283638000488, 0.9796720147132874, 0.9833524227142334, 0.9829490780830383, 0.9840318560600281, 0.9856185913085938, 0.9868155717849731, 0.9862735271453857, 0.9856856465339661, 0.989578902721405, 0.9855999946594238, 0.9904261231422424, 0.9884181618690491, 0.9889487624168396, 0.9893149137496948, 0.9914032220840454, 0.987177312374115, 0.9926708340644836, 0.9898620843887329, 0.9906849265098572, 0.9906644225120544, 0.9916098713874817, 0.9923216700553894, 0.9929944276809692, 0.988648533821106, 0.9929215312004089, 0.9888469576835632, 0.9948455095291138, 0.9938461780548096, 0.9913867115974426, 0.994415819644928, 0.9926400780677795, 0.9910483956336975, 0.9937323331832886, 0.9951183199882507, 0.9944692850112915, 0.9929358959197998, 0.9948083758354187, 0.9935376048088074, 0.9956898093223572, 0.9937068819999695, 0.9929248690605164, 0.9953680634498596, 0.9930019974708557, 0.9966573715209961, 0.9909912347793579, 0.996539831161499, 0.9940747618675232, 0.9964917898178101, 0.9938151240348816, 0.9958604574203491, 0.9939717054367065, 0.9963733553886414, 0.9957645535469055, 0.9965663552284241], "val_loss": [255.9731903076172, 245.10928344726562, 261.2617492675781, 187.69705200195312, 214.1525421142578, 112.12358856201172, 92.86932373046875, 84.67308044433594, 88.0362319946289, 52.577911376953125, 43.39134979248047, 53.56197738647461, 56.931495666503906, 38.92928695678711, 62.72128677368164, 30.082901000976562, 26.257795333862305, 23.939105987548828, 68.3971176147461, 21.47600555419922, 26.206161499023438, 26.017105102539062, 23.660802841186523, 30.70101547241211, 16.1075382232666, 23.28731918334961, 19.206470489501953, 19.13619041442871, 14.135952949523926, 16.43891716003418, 16.537107467651367, 19.215831756591797, 18.42382049560547, 19.091257095336914, 12.621384620666504, 12.272239685058594, 14.664987564086914, 12.260143280029297, 36.40559768676758, 19.446434020996094, 10.121588706970215, 20.576826095581055, 13.412611961364746, 12.025572776794434, 68.8154067993164, 19.494098663330078, 10.273394584655762, 11.864022254943848, 9.419234275817871, 14.826658248901367, 9.269888877868652, 11.849944114685059, 9.418319702148438, 35.3336181640625, 9.20187759399414, 10.609379768371582, 9.577964782714844, 9.45928955078125, 10.364965438842773, 9.90166187286377, 8.750785827636719, 43.97679901123047, 9.041584014892578, 21.714231491088867, 9.037508964538574, 8.020880699157715, 10.9032621383667, 8.032299995422363, 10.262964248657227, 9.575222969055176, 8.257204055786133, 12.328627586364746, 8.536787033081055, 10.160089492797852, 8.64907455444336, 18.07554817199707],