{"loss": [305.9209289550781, 252.75799560546875, 237.22769165039062, 226.95497131347656, 218.34219360351562, 206.82452392578125, 183.6303253173828, 142.2917938232422, 114.10037231445312, 96.23149871826172, 86.41199493408203, 74.05854034423828, 69.24170684814453, 61.529319763183594, 60.59999465942383, 51.18236541748047, 46.90608596801758, 45.316429138183594, 41.734405517578125, 36.67716979980469, 36.48136901855469, 34.01570129394531, 30.401060104370117, 30.818477630615234, 29.44191551208496, 26.887924194335938, 24.863346099853516, 26.253889083862305, 25.661699295043945, 23.093273162841797, 20.440963745117188, 19.12776756286621, 19.392406463623047, 21.84954833984375, 17.898454666137695, 17.648902893066406, 16.506515502929688, 17.70383071899414, 11.837345123291016, 17.801042556762695, 15.548529624938965, 12.779340744018555, 11.185373306274414, 18.045989990234375, 12.604826927185059, 12.10718059539795, 15.167994499206543, 12.393592834472656, 10.372541427612305], "mae": [12.947793006896973, 11.339900016784668, 10.73491096496582, 10.258610725402832, 9.910322189331055, 9.473636627197266, 8.869978904724121, 7.627761363983154, 6.744544506072998, 6.16996431350708, 5.811148643493652, 5.351062297821045, 5.16522216796875, 4.869556427001953, 4.795387268066406, 4.460079669952393, 4.303421974182129, 4.148553848266602, 4.017862319946289, 3.797720193862915, 3.747771978378296, 3.606957197189331, 3.431886672973633, 3.448824405670166, 3.3665215969085693, 3.2177412509918213, 3.085151433944702, 3.1416428089141846, 3.053558588027954, 2.9954628944396973, 2.8275532722473145, 2.7471890449523926, 2.7565088272094727, 2.865586042404175, 2.633236885070801, 2.6325302124023438, 2.5540103912353516, 2.5390758514404297, 2.2716403007507324, 2.5249032974243164, 2.419924736022949, 2.2663750648498535, 2.1631081104278564, 2.547342538833618, 2.2449610233306885, 2.21272349357605, 2.3365321159362793, 2.1399383544921875, 2.0582022666931152], "root_mean_squared_error": [17.4905948638916, 15.898364067077637, 15.40219783782959, 15.065024375915527, 14.776406288146973, 14.38139533996582, 13.551026344299316, 11.928611755371094, 10.681777000427246, 9.809764862060547, 9.295804977416992, 8.605727195739746, 8.321160316467285, 7.844062805175781, 7.784599781036377, 7.154184818267822, 6.848801612854004, 6.731747627258301, 6.460216999053955, 6.0561676025390625, 6.039980888366699, 5.8322978019714355, 5.513715744018555, 5.55143928527832, 5.4260406494140625, 5.185356616973877, 4.986315727233887, 5.123854637145996, 5.065737724304199, 4.805545806884766, 4.521168231964111, 4.373530387878418, 4.403680801391602, 4.674349784851074, 4.230656623840332, 4.201059818267822, 4.062820911407471, 4.207592010498047, 3.440544366836548, 4.219128131866455, 3.943162441253662, 3.5748202800750732, 3.344454050064087, 4.248056888580322, 3.550327777862549, 3.4795374870300293, 3.89461088180542, 3.520453453063965, 3.2206430435180664], "R_squared": [0.5036574602127075, 0.5920931100845337, 0.617388129234314, 0.6336823105812073, 0.6483719944953918, 0.6680607795715332, 0.7033855319023132, 0.7662681937217712, 0.8137059211730957, 0.8416911959648132, 0.8580630421638489, 0.8798368573188782, 0.88695228099823, 0.8962511420249939, 0.899323046207428, 0.9146208763122559, 0.9219934940338135, 0.9259499311447144, 0.9300416111946106, 0.9377402663230896, 0.9397314786911011, 0.9432708024978638, 0.9490476250648499, 0.9479037523269653, 0.9506604671478271, 0.9545959234237671, 0.9591847658157349, 0.9562695026397705, 0.9582217335700989, 0.9614841341972351, 0.9658657908439636, 0.9679707288742065, 0.9675288200378418, 0.9633309245109558, 0.9699490070343018, 0.970227062702179, 0.9727414846420288, 0.9709973931312561, 0.980048418045044, 0.9699383974075317, 0.9742158055305481, 0.9788670539855957, 0.9813334941864014, 0.9696561098098755, 0.9787246584892273, 0.9799729585647583, 0.9749314785003662, 0.9792689085006714, 0.9826716780662537], "val_loss": [303.1664733886719, 291.14300537109375, 275.46234130859375, 237.44732666015625, 212.8502655029297, 220.4632568359375, 1098.671142578125, 297.0010986328125, 122.3221664428711, 151.7144012451172, 127.56824493408203, 62.792110443115234, 447.2780456542969, 59.25654220581055, 123.92787170410156, 86.05546569824219, 45.83457565307617, 175.59803771972656, 40.034690856933594, 99.97955322265625, 55.67499923706055, 41.34579849243164, 50.528602600097656, 39.325645446777344, 43.579654693603516, 52.203460693359375, 51.2780647277832, 31.723405838012695, 102.39118957519531, 39.396484375, 33.20518112182617, 123.9862060546875, 67.64749908447266, 24.46523666381836, 44.980438232421875, 31.370893478393555, 21.064334869384766, 180.21612548828125, 13.475542068481445, 23.484739303588867, 29.128799438476562, 37.70424270629883, 16.647981643676758, 234.20159912109375, 38.71337890625, 18.362110137939453, 14.791470527648926, 94.91112518310547, 40.246421813964844], "val_mae": [12.511124610900879, 12.906869888305664, 11.100099563598633, 10.49749755859375, 9.818219184875488, 9.798724174499512, 24.567180633544922, 10.616230964660645, 6.9020304679870605, 7.823275089263916, 6.405416965484619, 5.033799171447754, 12.171858787536621, 4.948243141174316, 6.133688926696777, 5.287291526794434, 4.230007171630859, 6.68287467956543, 4.00673246383667, 5.866806983947754, 4.331398010253906, 3.7526113986968994, 4.245654106140137, 3.937089443206787, 3.839790105819702, 4.338902473449707, 4.077978134155273, 3.086940050125122, 5.18565559387207, 3.6158862113952637, 3.1584465503692627, 6.50465726852417, 4.799106597900391, 2.9102189540863037, 3.8331642150878906, 2.9064278602600098, 2.6602370738983154, 6.582817554473877, 2.161647081375122, 2.6359446048736572, 2.9406898021698, 3.111783742904663, 2.355302572250366, 7.401304721832275, 3.0482265949249268, 2.2796709537506104, 2.247032642364502, 4.6746296882629395, 3.1631922721862793], "val_root_mean_squared_error": [17.41167640686035, 17.06291389465332, 16.59705924987793, 15.40932559967041, 14.589388847351074, 14.848005294799805, 33.146209716796875, 17.233718872070312, 11.059934616088867, 12.317239761352539, 11.294610977172852, 7.924147129058838, 21.148948669433594, 7.697826862335205, 11.13228988647461, 9.27660846710205, 6.7701239585876465, 13.251340866088867, 6.327297210693359, 9.998977661132812, 7.4615678787231445, 6.430069923400879, 7.108347415924072, 6.2710161209106445, 6.6014885902404785, 7.225196361541748, 7.16087007522583, 5.63235330581665, 10.118852615356445, 6.2766618728637695, 5.762393474578857, 11.134909629821777, 8.224809646606445, 4.946234703063965, 6.706745624542236, 5.600972652435303, 4.589589595794678, 13.424459457397461, 3.6709048748016357, 4.846105575561523, 5.3971099853515625, 6.140377998352051, 4.080193519592285, 15.303646087646484, 6.222007751464844, 4.2851033210754395, 3.845968008041382, 9.742234230041504, 6.344006538391113], "val_R_squared": [0.5120220184326172, 0.5346724987030029, 0.5565462112426758, 0.6178314089775085, 0.6627153754234314, 0.6506471037864685, -0.8147778511047363, 0.5179997682571411, 0.8016536831855774, 0.7501707077026367, 0.7942386269569397, 0.8964283466339111, 0.2871732711791992, 0.9006876945495605, 0.8028278350830078, 0.8615697026252747, 0.9242270588874817, 0.7086951732635498, 0.9322696328163147, 0.830507755279541, 0.9084613919258118, 0.9320629239082336, 0.9153695702552795, 0.9344302415847778, 0.9276833534240723, 0.9143644571304321, 0.9159020781517029, 0.9478245377540588, 0.8387365937232971, 0.9349525570869446, 0.9482490420341492, 0.8031084537506104, 0.8908789753913879, 0.95809006690979, 0.927155077457428, 0.9484972357749939, 0.9654482007026672, 0.710919976234436, 0.977086067199707, 0.9613582491874695, 0.9522876739501953, 0.9373118877410889, 0.9724434018135071, 0.6391984820365906, 0.9393367767333984, 0.971463143825531, 0.9764367341995239, 0.8513354659080505, 0.9362306594848633]}