{"loss": [324.10137939453125, 236.32073974609375, 218.92774963378906, 207.6199188232422, 200.010009765625, 202.8800811767578, 183.9322052001953, 179.42686462402344, 171.54782104492188, 151.83245849609375, 121.6279296875, 88.2872543334961, 71.31690979003906, 62.14419174194336, 51.655826568603516, 49.02242660522461, 41.184165954589844, 38.68342208862305, 33.15970993041992, 32.16719436645508, 23.42418098449707, 25.658008575439453, 21.07636833190918, 24.00796890258789, 26.320432662963867, 16.572200775146484, 20.826839447021484, 23.548809051513672, 21.524456024169922, 9.42522144317627, 19.88974952697754, 12.230012893676758, 14.35163402557373, 14.849529266357422, 15.477752685546875, 9.801644325256348, 17.150503158569336, 9.17245101928711, 11.674898147583008, 12.593235969543457, 9.688775062561035, 11.194833755493164, 12.432337760925293, 11.493840217590332, 7.068337917327881, 12.510265350341797, 6.757207870483398, 11.958654403686523, 10.355591773986816, 7.275814533233643, 8.180037498474121, 8.090470314025879, 5.794132232666016, 11.403291702270508, 7.682944297790527, 4.699026107788086, 8.62506103515625, 3.4544625282287598, 12.039012908935547, 6.262681484222412, 7.175711154937744, 6.578763961791992, 6.275690078735352, 7.791869163513184, 4.4183878898620605, 3.2862892150878906], "mae": [13.362611770629883, 10.780060768127441, 10.036054611206055, 9.47197151184082, 9.134037017822266, 9.099547386169434, 8.340497016906738, 8.128576278686523, 7.803343296051025, 7.243478298187256, 6.334939956665039, 5.401215076446533, 4.87013578414917, 4.5794830322265625, 4.124087810516357, 4.0160136222839355, 3.695206880569458, 3.6231696605682373, 3.32267689704895, 3.247128486633301, 2.865994930267334, 2.9533560276031494, 2.6803715229034424, 2.8210086822509766, 2.902747869491577, 2.4233508110046387, 2.6081020832061768, 2.7086479663848877, 2.587589740753174, 1.970884084701538, 2.4480462074279785, 2.113243341445923, 2.2243127822875977, 2.2376492023468018, 2.221669912338257, 1.8931413888931274, 2.2599546909332275, 1.8582299947738647, 1.956637978553772, 1.9740986824035645, 1.888680338859558, 1.913116693496704, 1.9975405931472778, 1.889513373374939, 1.6349139213562012, 1.9922027587890625, 1.5862116813659668, 1.8998866081237793, 1.8118910789489746, 1.653364658355713, 1.6796473264694214, 1.715651512145996, 1.5290547609329224, 1.8344141244888306, 1.6402968168258667, 1.399834156036377, 1.6461870670318604, 1.2899616956710815, 1.8402525186538696, 1.4818332195281982, 1.5268384218215942, 1.517256259918213, 1.4764084815979004, 1.6134792566299438, 1.3522084951400757, 1.2295044660568237], "root_mean_squared_error": [18.00281524658203, 15.372727394104004, 14.796207427978516, 14.409022331237793, 14.142489433288574, 14.243597984313965, 13.56216049194336, 13.395030975341797, 13.097626686096191, 12.322031021118164, 11.028505325317383, 9.396129608154297, 8.444933891296387, 7.8831586837768555, 7.187198638916016, 7.001601696014404, 6.417489051818848, 6.219599723815918, 5.75844669342041, 5.671612739562988, 4.839853286743164, 5.065373420715332, 4.590900421142578, 4.899792671203613, 5.130344390869141, 4.070896625518799, 4.563642978668213, 4.852711200714111, 4.6394453048706055, 3.0700523853302, 4.459792613983154, 3.497143507003784, 3.7883551120758057, 3.853508710861206, 3.9341773986816406, 3.1307578086853027, 4.1413164138793945, 3.0286054611206055, 3.4168548583984375, 3.5486948490142822, 3.1126797199249268, 3.3458681106567383, 3.525951862335205, 3.390256643295288, 2.6586344242095947, 3.536985397338867, 2.5994629859924316, 3.4581286907196045, 3.218010425567627, 2.6973717212677, 2.860076427459717, 2.8443751335144043, 2.407100200653076, 3.376875877380371, 2.7718124389648438, 2.1677236557006836, 2.936845302581787, 1.8586183786392212, 3.4697279930114746, 2.502534866333008, 2.6787517070770264, 2.5649101734161377, 2.5051326751708984, 2.7913918495178223, 2.1019961833953857, 1.8128124475479126], "R_squared": [0.47312188148498535, 0.61744225025177, 0.648584246635437, 0.664924144744873, 0.6791938543319702, 0.672987163066864, 0.7064661979675293, 0.7097435593605042, 0.7245635986328125, 0.7550796270370483, 0.8032013177871704, 0.8554909825325012, 0.8828540444374084, 0.8966702818870544, 0.915096640586853, 0.9189710021018982, 0.9324735403060913, 0.9349486827850342, 0.944004237651825, 0.9466147422790527, 0.9608488082885742, 0.9565668106079102, 0.9650641679763794, 0.9598087072372437, 0.9561079740524292, 0.9724103808403015, 0.9658578038215637, 0.9611270427703857, 0.9648402333259583, 0.9839856028556824, 0.9676480293273926, 0.9798218011856079, 0.9764007925987244, 0.9753120541572571, 0.9743632674217224, 0.983216404914856, 0.9711159467697144, 0.9847238063812256, 0.9808971285820007, 0.9793668389320374, 0.9834629893302917, 0.9812471270561218, 0.9793186187744141, 0.9803697466850281, 0.9883379340171814, 0.9788095951080322, 0.9886293411254883, 0.9804717302322388, 0.98291015625, 0.9877980947494507, 0.9859795570373535, 0.9866302609443665, 0.9902002215385437, 0.9809007048606873, 0.9873605370521545, 0.9920178055763245, 0.985883891582489, 0.9943005442619324, 0.9799904823303223, 0.989287793636322, 0.9884476065635681, 0.9887953996658325, 0.989669680595398, 0.9870595335960388, 0.9926100373268127, 0.9943532943725586], "val_loss": [294.35748291015625, 212.19078063964844, 217.47601318359375, 208.5936279296875, 204.37432861328125, 235.47764587402344, 209.6659393310547, 191.35508728027344, 169.8614501953125, 153.02310180664062, 118.86919403076172, 63.820587158203125, 142.6764373779297, 73.00255584716797, 53.70783996582031, 75.81904602050781, 93.6388931274414, 34.769508361816406, 55.0067138671875, 54.9398193359375, 27.14827537536621, 49.58206558227539, 35.861778259277344, 38.399169921875, 22.082481384277344, 100.18709564208984, 65.75934600830078, 118.07749938964844, 26.241718292236328, 24.72051239013672, 23.370214462280273, 104.68402862548828, 27.973310470581055, 49.83025360107422, 21.937137603759766, 10.291238784790039, 19.45987892150879, 15.827810287475586, 20.91753578186035, 27.633045196533203, 44.410667419433594, 36.26298904418945, 13.55923080444336, 29.794954299926758, 71.05475616455078, 7.992385387420654, 27.121410369873047, 11.496747970581055, 15.195759773254395, 78.87592315673828, 19.554258346557617, 69.04693603515625, 7.635517597198486, 15.143808364868164, 9.129190444946289, 7.466370582580566, 11.470232963562012, 11.508966445922852, 10.058206558227539, 7.6533613204956055, 23.228450775146484, 12.7787504196167, 78.73512268066406, 20.4398193359375, 19.12249183654785, 73.84683227539062], "val_mae": [13.119412422180176, 9.716203689575195, 10.151684761047363, 9.256102561950684, 8.776390075683594, 9.686161994934082, 9.066766738891602, 8.523707389831543, 7.802735328674316, 7.42577600479126, 6.620786666870117, 4.512674808502197, 6.282707214355469, 4.693973064422607, 4.183711051940918, 4.85896110534668, 4.50714111328125, 3.3112235069274902, 4.053834915161133, 4.385910511016846, 2.7242910861968994, 3.4144132137298584, 3.1237382888793945, 2.9901137351989746, 2.7692370414733887, 4.862792015075684, 4.6718974113464355, 6.248656272888184, 2.5148067474365234, 2.5479109287261963, 2.693037271499634, 4.483377456665039, 2.7757081985473633, 3.167383909225464, 2.307338237762451, 1.6822961568832397, 2.244598150253296, 1.9336979389190674, 2.2961366176605225, 2.4660136699676514, 2.7337429523468018, 3.4397873878479004, 1.895801305770874, 2.60732364654541, 3.6239373683929443, 1.6772407293319702, 2.44992733001709, 1.8249269723892212, 1.834795594215393, 4.407215118408203, 2.60463285446167, 3.0655720233917236, 1.4349368810653687, 2.062901020050049, 1.6337448358535767, 1.5300264358520508, 1.7731451988220215, 1.6928706169128418, 1.4433038234710693, 1.3770878314971924, 2.5973899364471436, 1.8518601655960083, 3.1357765197753906, 2.042311668395996, 1.826749563217163, 3.7959063053131104],