{"loss": [408.2007751464844, 284.6176452636719, 272.62042236328125, 235.59571838378906, 245.7295684814453, 215.14886474609375, 205.95559692382812, 199.0172882080078, 188.50856018066406, 184.30392456054688, 177.3834686279297, 169.56712341308594, 165.61695861816406, 159.7133026123047, 156.3220672607422, 152.02633666992188, 147.34854125976562, 139.13528442382812, 130.68736267089844, 128.33448791503906, 119.42953491210938, 111.63104248046875, 106.41268157958984, 98.5225830078125, 89.10511779785156, 87.69348907470703, 74.1115493774414, 68.54955291748047, 63.42526626586914, 54.911128997802734, 57.66987991333008, 48.7085075378418, 47.197731018066406, 41.4785270690918, 38.37548065185547, 35.78260803222656, 36.13513946533203, 34.83027648925781, 36.7150993347168, 29.225595474243164, 32.67839050292969, 26.00821304321289, 28.04090118408203, 22.763134002685547, 24.095678329467773, 25.747222900390625, 25.277395248413086, 21.694936752319336, 21.159561157226562, 17.8930606842041, 23.29056739807129, 17.50416374206543, 22.28700828552246, 18.904531478881836, 14.903974533081055, 22.225053787231445, 17.33492088317871, 16.082639694213867, 15.16836166381836, 16.273401260375977, 17.008121490478516, 13.242191314697266, 15.400846481323242, 13.858797073364258, 15.108262062072754, 12.823456764221191, 17.507225036621094, 13.337806701660156, 12.572851181030273, 13.363951683044434, 12.146232604980469, 13.33345890045166, 11.420797348022461], "mae": [15.568360328674316, 12.418842315673828, 12.011669158935547, 10.612785339355469, 10.900389671325684, 9.629572868347168, 9.184804916381836, 8.841887474060059, 8.394064903259277, 8.18319320678711, 7.899075031280518, 7.623195171356201, 7.4688029289245605, 7.213319778442383, 7.147383213043213, 6.936738014221191, 6.805865287780762, 6.5544891357421875, 6.283168315887451, 6.186036109924316, 5.958901405334473, 5.696738243103027, 5.51084041595459, 5.267741680145264, 5.035946846008301, 4.970301151275635, 4.602414131164551, 4.458016872406006, 4.248559474945068, 4.042693614959717, 4.134988307952881, 3.8685970306396484, 3.7571544647216797, 3.5749170780181885, 3.480907440185547, 3.3787925243377686, 3.367558002471924, 3.280033588409424, 3.3669185638427734, 3.0564169883728027, 3.2297253608703613, 2.932729482650757, 3.0022146701812744, 2.772002935409546, 2.825056314468384, 2.8462791442871094, 2.8360471725463867, 2.678358554840088, 2.6395204067230225, 2.4677748680114746, 2.7118964195251465, 2.4869062900543213, 2.6193454265594482, 2.484513282775879, 2.280573606491089, 2.588743209838867, 2.4142684936523438, 2.316866159439087, 2.2770774364471436, 2.314654588699341, 2.3355987071990967, 2.1602964401245117, 2.265674114227295, 2.175250291824341, 2.1783502101898193, 2.0939152240753174, 2.265913248062134, 2.0889475345611572, 2.0832412242889404, 2.0636818408966064, 2.0387842655181885, 2.114772081375122, 1.9705734252929688], "root_mean_squared_error": [20.2039794921875, 16.870615005493164, 16.511220932006836, 15.349127769470215, 15.675764083862305, 14.667953491210938, 14.351153373718262, 14.107348442077637, 13.729841232299805, 13.575858116149902, 13.318538665771484, 13.021794319152832, 12.86922550201416, 12.637772560119629, 12.50288200378418, 12.329895973205566, 12.138720512390137, 11.795561790466309, 11.431857109069824, 11.32848072052002, 10.92838191986084, 10.565559387207031, 10.315651893615723, 9.925853729248047, 9.439550399780273, 9.364480018615723, 8.608806610107422, 8.279465675354004, 7.963997840881348, 7.4102044105529785, 7.59406852722168, 6.979147911071777, 6.870060443878174, 6.440382480621338, 6.194794654846191, 5.981856346130371, 6.011250972747803, 5.9017181396484375, 6.059298515319824, 5.406070232391357, 5.716501235961914, 5.099824905395508, 5.295365810394287, 4.7710723876953125, 4.9087347984313965, 5.074172019958496, 5.027662754058838, 4.657782554626465, 4.599952220916748, 4.2300190925598145, 4.826030254364014, 4.183797836303711, 4.720911502838135, 4.347934246063232, 3.8605666160583496, 4.714345455169678, 4.163522720336914, 4.010316371917725, 3.894658088684082, 4.034030437469482, 4.124090194702148, 3.6389822959899902, 3.924391269683838, 3.722740650177002, 3.886934757232666, 3.5809853076934814, 4.184163570404053, 3.6520962715148926, 3.5458216667175293, 3.6556739807128906, 3.4851443767547607, 3.651500940322876, 3.379467010498047], "R_squared": [0.33947405219078064, 0.5395870804786682, 0.5586927533149719, 0.6211204528808594, 0.6028880476951599, 0.6523777842521667, 0.6693367958068848, 0.6833863258361816, 0.6972563862800598, 0.7038973569869995, 0.7181791663169861, 0.7286331653594971, 0.7317597270011902, 0.744351863861084, 0.7496798038482666, 0.7556606531143188, 0.7616626024246216, 0.7774044871330261, 0.7918761372566223, 0.7919127941131592, 0.8060996532440186, 0.8179092407226562, 0.8282588720321655, 0.8431996703147888, 0.8566198945045471, 0.8583183884620667, 0.8773250579833984, 0.8887277841567993, 0.8961153626441956, 0.9096229076385498, 0.9058592319488525, 0.9204726219177246, 0.922415018081665, 0.9316698312759399, 0.9372426271438599, 0.9400189518928528, 0.9406594038009644, 0.9413685202598572, 0.9388974905014038, 0.951802670955658, 0.9462549686431885, 0.9567281603813171, 0.9540639519691467, 0.9623674154281616, 0.9599485993385315, 0.9574747681617737, 0.9580497145652771, 0.9642332196235657, 0.9652586579322815, 0.9695051312446594, 0.961918830871582, 0.9709591269493103, 0.9624223113059998, 0.9686437249183655, 0.9742326736450195, 0.9629547595977783, 0.9710450768470764, 0.9727763533592224, 0.9745885729789734, 0.9726365804672241, 0.9727140069007874, 0.9774097204208374, 0.9740239381790161, 0.9769294857978821, 0.9749625325202942, 0.9785509705543518, 0.9703320264816284, 0.9781585931777954, 0.9789310693740845, 0.9781625866889954, 0.9796766042709351, 0.97793048620224, 0.9810261130332947], "val_loss": [317.5638732910156, 1891758.375, 306.4930725097656, 260.8565979003906, 3.2933599658811746e+21, 7917226.0, 297956.4375, 200.0023956298828, 188.79786682128906, 2713.7919921875, 169.2119598388672, 4328093.5, 1097319383040.0, 273.3501892089844, 164.56520080566406, 7570.06591796875, 241.18185424804688, 23546.533203125, 179.21981811523438, 234.7444305419922, 133.03224182128906, 312.9140319824219, 141.91673278808594, 117.68806457519531, 1313.8931884765625, 121.21781921386719, 76.77476501464844, 128.48385620117188, 71.03416442871094, 68.44208526611328, 59.2211799621582, 60.10257339477539, 123.47001647949219, 158.29681396484375, 41.45249557495117, 61.24028778076172, 82.45984649658203, 12471.2978515625, 44.63924789428711, 36.45145797729492, 37.13234329223633, 34.13978958129883, 2.5966789687812033e+30, 29.905195236206055, 45.357234954833984, 30.141050338745117, 24.271894454956055, 36.23539352416992, 23.074472427368164, 14075927.0, 265357877051392.0, 44.34989547729492, 53.882633209228516, 23.232389450073242, 126478144.0, 29.174701690673828, 25.681344985961914, 46.74746322631836, 20.49223518371582, 41.84292221069336, 20.730363845825195, 22.216367721557617, 17.1978816986084, 26.66864776611328, 199.3251953125, 25.26092529296875, 25.56178092956543, 41.96440505981445, 15941855346688.0, 8690737474437120.0, 182.10568237304688, 1589.043701171875, 9.76858246967355e+18],