{"loss": [296.4775695800781, 190.2187957763672, 155.27313232421875, 95.72857666015625, 44.005706787109375, 28.703166961669922, 18.3204402923584, 17.623857498168945, 10.866900444030762, 15.621188163757324, 8.349059104919434, 8.38121509552002, 8.576004028320312, 7.692353248596191, 4.256669998168945, 3.2305946350097656, 8.899209976196289, 2.398926019668579, 3.423673629760742, 6.272101402282715, 2.214790105819702, 2.2401626110076904, 5.6045684814453125, 3.932671070098877, 1.5868948698043823, 4.101037979125977, 1.578298807144165, 4.284459114074707, 1.381827712059021, 1.3106095790863037, 1.9435847997665405, 2.7217841148376465, 1.4675275087356567, 3.828589916229248, 1.0468238592147827, 1.3510363101959229, 2.5627124309539795, 5.67542839050293, 1.6964688301086426, 1.3180549144744873, 1.2257380485534668, 2.739027976989746, 0.9757528901100159, 2.678662061691284, 1.1547067165374756, 1.1166019439697266, 1.5824223756790161, 1.6388241052627563, 1.3042293787002563, 0.8160942196846008, 2.108123540878296, 0.760334312915802, 1.040082335472107, 2.411736488342285, 0.9701743721961975, 0.9119622707366943, 1.1440597772598267, 1.365273118019104, 1.0943564176559448, 0.6468941569328308, 1.0568170547485352, 1.0910382270812988, 0.6139105558395386, 0.755045473575592, 0.9064310193061829, 0.9007922410964966, 0.6875296235084534, 1.6914892196655273, 0.8408192992210388, 0.5814830660820007, 0.6611252427101135, 0.826498806476593, 0.595402181148529, 0.9673793315887451, 0.6824355721473694, 1.2710626125335693, 0.5290005207061768, 0.7816185355186462, 0.5594619512557983, 0.9370036721229553, 1.75260591506958, 0.5894952416419983, 0.6552882194519043, 1.2069298028945923, 0.49196359515190125, 0.481736958026886, 1.5710986852645874, 1.3151248693466187, 0.4345475137233734, 0.5134645700454712, 0.7775685787200928, 0.7273776531219482, 1.3464893102645874, 0.49400603771209717], "mae": [11.955130577087402, 8.86955451965332, 7.8017120361328125, 6.220495700836182, 4.3541693687438965, 3.591836452484131, 2.8953909873962402, 2.7818334102630615, 2.281643867492676, 2.5275821685791016, 1.957642674446106, 1.9808462858200073, 1.9061493873596191, 1.797766923904419, 1.4934947490692139, 1.3573864698410034, 1.9504750967025757, 1.1772270202636719, 1.3142361640930176, 1.563696026802063, 1.0861574411392212, 1.1267094612121582, 1.45461905002594, 1.3271162509918213, 0.9538702368736267, 1.2855861186981201, 0.943291425704956, 1.2334814071655273, 0.8930550813674927, 0.8613598346710205, 1.0253520011901855, 1.0512279272079468, 0.8406931757926941, 1.2013249397277832, 0.7704579830169678, 0.8285292983055115, 1.0078554153442383, 1.0993322134017944, 0.9130992889404297, 0.8180170655250549, 0.7628693580627441, 0.9419834613800049, 0.7340558171272278, 1.0058836936950684, 0.7480427026748657, 0.7807029485702515, 0.8638551235198975, 0.8774315714836121, 0.7325544357299805, 0.6757926940917969, 0.8705215454101562, 0.649317741394043, 0.7309736609458923, 0.9547333717346191, 0.6732078790664673, 0.6944913268089294, 0.7516409158706665, 0.7508243918418884, 0.7178213596343994, 0.5989367365837097, 0.7408040761947632, 0.7163889408111572, 0.5849471092224121, 0.6431071162223816, 0.6975820660591125, 0.6503928303718567, 0.6191487312316895, 0.7859169840812683, 0.6596171855926514, 0.5611108541488647, 0.5986936688423157, 0.6413819789886475, 0.5730693936347961, 0.6816048622131348, 0.5922611355781555, 0.7515228986740112, 0.5400429964065552, 0.610195517539978, 0.5562114715576172, 0.6525074243545532, 0.7256381511688232, 0.5554413199424744, 0.5763672590255737, 0.6370630264282227, 0.5187305808067322, 0.5212201476097107, 0.7853615283966064, 0.6844331622123718, 0.4904525578022003, 0.5276169180870056, 0.617379903793335, 0.6158676147460938, 0.6827298998832703, 0.5189964175224304], "root_mean_squared_error": [17.218523025512695, 13.791982650756836, 12.460864067077637, 9.784097671508789, 6.6336798667907715, 5.3575334548950195, 4.280238151550293, 4.19807767868042, 3.2964982986450195, 3.952364921569824, 2.8894739151000977, 2.8950328826904297, 2.9284815788269043, 2.7735092639923096, 2.0631697177886963, 1.7973854541778564, 2.983154296875, 1.54884672164917, 1.850317120552063, 2.5044164657592773, 1.4882171154022217, 1.4967173337936401, 2.3673970699310303, 1.9830963611602783, 1.2597202062606812, 2.025101900100708, 1.2563036680221558, 2.0698933601379395, 1.1755115985870361, 1.1448185443878174, 1.3941251039505005, 1.6497830152511597, 1.2114155292510986, 1.9566782712936401, 1.0231441259384155, 1.1623408794403076, 1.6008473634719849, 2.3823156356811523, 1.3024855852127075, 1.1480656862258911, 1.107130527496338, 1.655000925064087, 0.9878020286560059, 1.6366618871688843, 1.0745728015899658, 1.0566939115524292, 1.2579436302185059, 1.280165672302246, 1.142028570175171, 0.9033793210983276, 1.4519377946853638, 0.8719714879989624, 1.0198442935943604, 1.5529766082763672, 0.9849742650985718, 0.9549671411514282, 1.0696072578430176, 1.1684490442276, 1.0461149215698242, 0.8042973279953003, 1.0280160903930664, 1.0445277690887451, 0.7835244536399841, 0.8689334988594055, 0.9520667195320129, 0.9491007328033447, 0.8291740417480469, 1.3005726337432861, 0.9169619679450989, 0.7625503540039062, 0.8130960464477539, 0.9091197848320007, 0.7716230750083923, 0.9835544228553772, 0.8260965943336487, 1.1274141073226929, 0.7273242473602295, 0.8840919137001038, 0.7479718923568726, 0.9679895043373108, 1.3238601684570312, 0.767785906791687, 0.8094987273216248, 1.0986034870147705, 0.7014011740684509, 0.6940727233886719, 1.2534347772598267, 1.1467889547348022, 0.6592021584510803, 0.716564416885376, 0.8817984461784363, 0.8528643846511841, 1.1603832244873047, 0.70285564661026], "R_squared": [0.508200466632843, 0.6908392906188965, 0.746536910533905, 0.8435379862785339, 0.9274893403053284, 0.9521875977516174, 0.9696877002716064, 0.970822811126709, 0.9817944169044495, 0.9740612506866455, 0.9860625267028809, 0.9857578873634338, 0.9859699010848999, 0.9876125454902649, 0.9928634762763977, 0.9946485161781311, 0.9853447675704956, 0.9959744215011597, 0.9942303895950317, 0.9894915223121643, 0.9963010549545288, 0.9962562322616577, 0.9907621741294861, 0.9933474659919739, 0.9973591566085815, 0.9931536316871643, 0.9973370432853699, 0.9927016496658325, 0.9976819753646851, 0.9978204965591431, 0.9967486262321472, 0.9955272674560547, 0.9976103901863098, 0.9936475157737732, 0.9982601404190063, 0.9977445006370544, 0.9956563711166382, 0.9906501770019531, 0.9972307682037354, 0.9978067874908447, 0.9979991912841797, 0.9954054951667786, 0.998365581035614, 0.9956547617912292, 0.9980409145355225, 0.9981512427330017, 0.9973322153091431, 0.9972893595695496, 0.9978688359260559, 0.9986293315887451, 0.9966151118278503, 0.9987393617630005, 0.9982643127441406, 0.9961559176445007, 0.99842768907547, 0.9984784126281738, 0.9980553388595581, 0.997763454914093, 0.9982246160507202, 0.9989101886749268, 0.9982308745384216, 0.9982292652130127, 0.9989850521087646, 0.9987341165542603, 0.9984979629516602, 0.9985510110855103, 0.9988479018211365, 0.9971175193786621, 0.9985772371292114, 0.9990315437316895, 0.9989053606987, 0.9986150860786438, 0.9990095496177673, 0.9983794093132019, 0.9988665580749512, 0.997942328453064, 0.9991215467453003, 0.9986762404441833, 0.9990597367286682, 0.9984304904937744, 0.9970818161964417, 0.9990233778953552, 0.9989110231399536, 0.9978508949279785, 0.999165952205658, 0.999189555644989, 0.9973868131637573, 0.9979090690612793, 0.9992661476135254, 0.999137818813324, 0.998690128326416, 0.9987990260124207, 0.9978217482566833, 0.9991855621337891],