{"loss": [701.2977905273438, 685.8741455078125, 685.4052124023438, 684.3738403320312, 684.250244140625, 684.9649047851562, 683.6605834960938, 683.6907958984375, 682.1466674804688, 682.7833862304688, 682.87255859375, 682.9281005859375], "mae": [22.76661491394043, 22.604293823242188, 22.60038185119629, 22.588783264160156, 22.588090896606445, 22.5936279296875, 22.583911895751953, 22.591594696044922, 22.558759689331055, 22.56052017211914, 22.563213348388672, 22.55764389038086], "root_mean_squared_error": [26.482027053833008, 26.189199447631836, 26.18024444580078, 26.160539627075195, 26.15817642211914, 26.171833038330078, 26.14690399169922, 26.14748191833496, 26.117937088012695, 26.130123138427734, 26.1318302154541, 26.132892608642578], "R_squared": [-0.125604510307312, -0.09320241212844849, -0.0924413725733757, -0.08555474877357483, -0.08719347417354584, -0.09154277294874191, -0.09183330833911896, -0.08648460358381271, -0.08776133507490158, -0.0902099683880806, -0.08935154229402542, -0.08765259385108948], "val_loss": [677.8689575195312, 677.1103515625, 687.5191650390625, 681.0596313476562, 814.1004638671875, 959.3233642578125, 859.13330078125, 677.22802734375, 683.3407592773438, 681.4879150390625, 695.6048583984375, 1068.4185791015625], "val_mae": [22.453472137451172, 22.41927146911621, 22.606992721557617, 22.52481460571289, 24.045297622680664, 25.66936492919922, 24.565881729125977, 22.47294807434082, 22.55840301513672, 22.531709671020508, 22.674907684326172, 26.852245330810547], "val_root_mean_squared_error": [26.035917282104492, 26.021343231201172, 26.2205867767334, 26.097118377685547, 28.532445907592773, 30.972946166992188, 29.310976028442383, 26.023605346679688, 26.14078712463379, 26.105323791503906, 26.37432289123535, 32.68667221069336], "val_R_squared": [-0.08324865996837616, -0.08195028454065323, -0.09963460266590118, -0.0886758416891098, -0.3132510185241699, -0.5586814284324646, -0.39014869928359985, -0.08211985230445862, -0.09254813939332962, -0.08940298855304718, -0.113084577023983, -0.7442502975463867]}