{"loss": [281.8662414550781, 218.17086791992188, 181.2943878173828, 142.79776000976562, 110.03089904785156, 78.73554992675781, 58.13689422607422, 43.13157272338867, 36.1119384765625, 31.041170120239258, 27.595285415649414, 23.747447967529297, 24.7639217376709, 19.220125198364258, 19.025222778320312, 17.261709213256836, 16.231664657592773, 14.885986328125, 14.590303421020508, 13.722742080688477, 12.708600997924805, 11.847290992736816, 11.572209358215332, 11.172477722167969, 10.61725902557373, 10.00657844543457, 9.898000717163086, 9.299382209777832, 9.291321754455566, 8.183749198913574, 8.575321197509766, 8.101990699768066, 8.054064750671387, 7.748651504516602, 7.51296854019165, 6.999720573425293, 7.183154582977295, 6.826663017272949, 6.978514194488525, 6.378614902496338, 6.273491382598877, 6.101533889770508, 6.221123695373535, 5.754979133605957, 5.633089065551758, 5.7110443115234375, 5.375409126281738, 5.235942840576172, 5.281337261199951, 5.202322006225586, 4.885444641113281, 4.896258354187012, 5.020224571228027, 4.660426616668701, 4.733805179595947, 4.51564884185791, 4.480175495147705, 4.36716890335083, 4.222697734832764, 4.181933879852295, 4.251786708831787, 4.095740795135498, 4.121792316436768, 4.131577491760254], "mae": [12.212328910827637, 10.242596626281738, 9.084209442138672, 8.100086212158203, 7.218245029449463, 6.246618747711182, 5.407355785369873, 4.636486053466797, 4.2421555519104, 3.941277265548706, 3.7097485065460205, 3.4788460731506348, 3.446810007095337, 3.1420176029205322, 3.1022253036499023, 2.978196859359741, 2.8880157470703125, 2.783543348312378, 2.7285115718841553, 2.660522222518921, 2.577547311782837, 2.4986867904663086, 2.4494786262512207, 2.4104793071746826, 2.3576247692108154, 2.3018932342529297, 2.268486261367798, 2.20700740814209, 2.2062981128692627, 2.089357614517212, 2.1139581203460693, 2.0726962089538574, 2.054560899734497, 2.019906759262085, 1.9951928853988647, 1.9300568103790283, 1.9426370859146118, 1.8921982049942017, 1.9078177213668823, 1.8308337926864624, 1.8092118501663208, 1.7915759086608887, 1.80426824092865, 1.743464708328247, 1.7247974872589111, 1.7245242595672607, 1.6849315166473389, 1.6683154106140137, 1.6586084365844727, 1.6444551944732666, 1.604424238204956, 1.6087108850479126, 1.6030699014663696, 1.5628694295883179, 1.5660463571548462, 1.5322380065917969, 1.523228645324707, 1.5150635242462158, 1.4957475662231445, 1.482621431350708, 1.4910634756088257, 1.4620004892349243, 1.4630002975463867, 1.4643088579177856], "root_mean_squared_error": [16.78887176513672, 14.770607948303223, 13.464560508728027, 11.949801445007324, 10.489561080932617, 8.873305320739746, 7.624755382537842, 6.567462921142578, 6.0093207359313965, 5.571460247039795, 5.253121376037598, 4.873135566711426, 4.9763360023498535, 4.384076118469238, 4.361791133880615, 4.154721260070801, 4.028853893280029, 3.858236074447632, 3.819725513458252, 3.7044219970703125, 3.5649125576019287, 3.4419894218444824, 3.401794910430908, 3.3425257205963135, 3.258413553237915, 3.1633176803588867, 3.146108865737915, 3.0494887828826904, 3.0481669902801514, 2.860725164413452, 2.9283649921417236, 2.8463995456695557, 2.837968349456787, 2.783639907836914, 2.7409794330596924, 2.6456985473632812, 2.680140733718872, 2.612788200378418, 2.6416878700256348, 2.5255918502807617, 2.5046937465667725, 2.470128297805786, 2.494218111038208, 2.398953676223755, 2.373412847518921, 2.3897790908813477, 2.318492889404297, 2.2882182598114014, 2.2981159687042236, 2.28085994720459, 2.210304021835327, 2.2127490043640137, 2.2405858039855957, 2.158802032470703, 2.1757309436798096, 2.1250054836273193, 2.116642475128174, 2.0897772312164307, 2.0549204349517822, 2.0449776649475098, 2.061985969543457, 2.0237936973571777, 2.030219793319702, 2.032628059387207], "R_squared": [0.542021632194519, 0.648777186870575, 0.7063827514648438, 0.7656282186508179, 0.8196418285369873, 0.869949460029602, 0.9029468894004822, 0.9290248155593872, 0.9396897554397583, 0.947871744632721, 0.9537397027015686, 0.9606640934944153, 0.9587114453315735, 0.968093752861023, 0.9682720303535461, 0.9712603092193604, 0.9729802012443542, 0.9753074645996094, 0.9756442308425903, 0.9771318435668945, 0.9788579344749451, 0.9802559614181519, 0.9807560443878174, 0.9814239740371704, 0.9824544787406921, 0.9833680391311646, 0.9833891987800598, 0.9844726920127869, 0.984530508518219, 0.9863333702087402, 0.985646665096283, 0.9865999817848206, 0.9864641427993774, 0.9870820641517639, 0.9875007271766663, 0.9884281158447266, 0.9880517721176147, 0.9885509610176086, 0.9883143901824951, 0.9894015192985535, 0.9895858764648438, 0.9898446202278137, 0.9895868897438049, 0.9903658032417297, 0.9906069040298462, 0.9904586672782898, 0.9910041093826294, 0.9913099408149719, 0.9912117123603821, 0.9914497137069702, 0.9918598532676697, 0.9919167160987854, 0.9916934370994568, 0.992226779460907, 0.992152988910675, 0.9924572110176086, 0.9925289750099182, 0.9927441477775574, 0.9929940104484558, 0.9930077791213989, 0.9928697943687439, 0.9931920766830444, 0.9931749105453491, 0.9931638240814209], "val_loss": [490.57281494140625, 208.67581176757812, 169.2168731689453, 200.98170471191406, 143.9857635498047, 107.0250473022461, 90.1109848022461, 66.48907470703125, 71.78684997558594, 55.53656768798828, 49.116294860839844, 42.13187026977539, 54.73786163330078, 43.09104537963867, 37.76633834838867, 61.180076599121094, 37.94943618774414, 70.3475341796875, 41.48187255859375, 38.62028884887695, 37.010589599609375, 53.13223648071289, 40.40788650512695, 30.769668579101562, 32.574283599853516, 35.27238464355469, 37.37024688720703, 34.959388732910156, 29.648548126220703, 32.515525817871094, 44.18106460571289, 36.33356857299805, 32.68928146362305, 34.59125900268555, 29.981077194213867, 32.189395904541016, 27.65450668334961, 35.501590728759766, 28.89525604248047, 39.59006118774414, 34.88057327270508, 30.358409881591797, 27.270326614379883, 31.700458526611328, 33.39646530151367, 25.612260818481445, 28.003238677978516, 26.137069702148438, 26.337860107421875, 28.8078556060791, 37.81270217895508, 27.85253143310547, 25.64100456237793, 24.992225646972656, 26.86065101623535, 25.99197006225586, 27.691078186035156, 26.010189056396484, 27.518766403198242, 26.345964431762695, 26.22673988342285, 25.430513381958008, 35.52737808227539, 28.8526611328125], "val_mae": [17.553007125854492, 10.176819801330566, 8.810734748840332, 9.889484405517578, 8.383585929870605, 7.346938133239746, 6.570294380187988, 5.904270172119141, 6.192622661590576, 5.198459148406982, 4.869881629943848, 4.282872200012207, 5.135956287384033, 4.410215854644775, 4.089238166809082, 5.4816508293151855, 4.163708686828613, 5.921574115753174, 4.325364112854004, 4.244955062866211, 4.101426124572754, 5.011340141296387, 4.065994739532471, 3.7474350929260254, 3.7541420459747314, 4.1020989418029785, 4.137456893920898, 3.7749407291412354, 3.603909492492676, 3.6977813243865967, 4.413351535797119, 4.062274932861328, 3.9628283977508545, 3.9235117435455322, 3.7400784492492676, 3.766197681427002, 3.427942991256714, 3.995995283126831, 3.566992998123169, 4.325306415557861, 3.8603343963623047, 3.5774857997894287, 3.4702818393707275, 3.736384868621826, 3.907127857208252, 3.2894697189331055, 3.464107036590576, 3.3497955799102783, 3.4010822772979736, 3.5838723182678223, 4.151623249053955, 3.566436290740967, 3.3227694034576416, 3.3112339973449707, 3.4503817558288574, 3.361541509628296, 3.47745680809021, 3.3475747108459473, 3.418621778488159, 3.3660452365875244, 3.354341506958008, 3.2922956943511963, 4.116757392883301, 3.606720447540283],