{"loss": [305.7623291015625, 240.58355712890625, 217.86204528808594, 209.24647521972656, 198.44500732421875, 188.2224578857422, 182.2640380859375, 177.237548828125, 162.99514770507812, 144.2998504638672, 105.08483123779297, 96.62549591064453, 72.01194763183594, 59.791343688964844, 53.490482330322266, 47.3471565246582, 42.466739654541016, 38.92399978637695, 30.396303176879883, 34.55482482910156, 30.882671356201172, 28.914470672607422, 23.196266174316406, 24.790300369262695, 20.954378128051758, 21.787771224975586, 20.434505462646484, 17.996971130371094, 19.116960525512695, 17.447216033935547, 15.686634063720703, 15.118184089660645, 14.793498039245605, 11.126606941223145, 15.070082664489746, 13.479596138000488, 12.286663055419922, 11.15311050415039, 10.5127592086792, 12.3783540725708, 10.489113807678223, 8.117340087890625, 10.272372245788574, 7.52205228805542, 10.09768009185791, 11.895947456359863, 10.232414245605469, 11.671875, 8.139045715332031, 6.081700325012207, 10.165639877319336, 9.739283561706543, 6.409268379211426, 11.479463577270508, 8.244461059570312, 4.7201762199401855, 8.646139144897461, 7.169367790222168, 6.239901542663574, 6.319472789764404, 6.561245441436768, 8.407150268554688, 3.962714910507202, 8.653440475463867, 4.311420440673828, 6.635500907897949, 6.918951034545898, 5.198991298675537, 6.264564514160156, 4.195584297180176, 5.662957668304443, 8.260056495666504, 4.554410457611084], "mae": [12.898045539855957, 10.948497772216797, 10.040748596191406, 9.626161575317383, 9.091849327087402, 8.622312545776367, 8.3361177444458, 8.116479873657227, 7.632537841796875, 7.046677112579346, 5.9216837882995605, 5.654974937438965, 4.851879119873047, 4.410806179046631, 4.213916301727295, 3.991366386413574, 3.723733425140381, 3.610473394393921, 3.2672324180603027, 3.3437280654907227, 3.1946682929992676, 3.0751559734344482, 2.811728000640869, 2.8658721446990967, 2.6418259143829346, 2.696281909942627, 2.561004638671875, 2.4680140018463135, 2.50146222114563, 2.3852994441986084, 2.3042960166931152, 2.266390800476074, 2.2186946868896484, 1.9877241849899292, 2.21592378616333, 2.116196393966675, 1.9844316244125366, 1.9541796445846558, 1.910366415977478, 2.042729139328003, 1.921511173248291, 1.7750308513641357, 1.8743325471878052, 1.6898845434188843, 1.7691508531570435, 1.957867980003357, 1.7843469381332397, 1.9029103517532349, 1.676264762878418, 1.5400890111923218, 1.817185401916504, 1.7616647481918335, 1.546219825744629, 1.7673563957214355, 1.6829760074615479, 1.4373692274093628, 1.6330097913742065, 1.5809940099716187, 1.4700978994369507, 1.480468988418579, 1.4932823181152344, 1.627172589302063, 1.2755417823791504, 1.6099518537521362, 1.3277184963226318, 1.4796233177185059, 1.4526821374893188, 1.3736940622329712, 1.3969271183013916, 1.2828940153121948, 1.4259917736053467, 1.5410045385360718, 1.2702875137329102], "root_mean_squared_error": [17.486061096191406, 15.510756492614746, 14.760150909423828, 14.465353965759277, 14.087050437927246, 13.7194185256958, 13.500519752502441, 13.313058853149414, 12.766955375671387, 12.012486457824707, 10.251089096069336, 9.829826354980469, 8.485984802246094, 7.732486248016357, 7.313718795776367, 6.880927085876465, 6.516650676727295, 6.23891019821167, 5.513284206390381, 5.878334999084473, 5.557218074798584, 5.377217769622803, 4.816250324249268, 4.978985786437988, 4.577595233917236, 4.667737007141113, 4.520453929901123, 4.242283821105957, 4.3722944259643555, 4.1769866943359375, 3.9606356620788574, 3.8882107734680176, 3.846231698989868, 3.3356568813323975, 3.8820204734802246, 3.671457052230835, 3.5052335262298584, 3.339627265930176, 3.2423384189605713, 3.5182883739471436, 3.238690137863159, 2.8490946292877197, 3.2050540447235107, 2.74263596534729, 3.177684783935547, 3.449050188064575, 3.198814630508423, 3.416412591934204, 2.8529012203216553, 2.4661102294921875, 3.1883599758148193, 3.1207823753356934, 2.5316531658172607, 3.3881356716156006, 2.871316909790039, 2.1725966930389404, 2.940431833267212, 2.677567481994629, 2.4979794025421143, 2.5138561725616455, 2.561492919921875, 2.899508476257324, 1.990656852722168, 2.9416730403900146, 2.0763959884643555, 2.575946569442749, 2.630389928817749, 2.2801296710968018, 2.50291109085083, 2.0483124256134033, 2.379696846008301, 2.8740313053131104, 2.134106397628784], "R_squared": [0.5041397213935852, 0.6108515858650208, 0.6473480463027954, 0.6604512929916382, 0.679333508014679, 0.69703608751297, 0.7075285911560059, 0.7146990299224854, 0.7396011352539062, 0.7675469517707825, 0.8301103115081787, 0.842889130115509, 0.8829571604728699, 0.9013400673866272, 0.9123989939689636, 0.9205561876296997, 0.9289175868034363, 0.9351984262466431, 0.9488649964332581, 0.9427198171615601, 0.94773268699646, 0.9524384140968323, 0.9616076946258545, 0.9588990211486816, 0.9637555480003357, 0.9638383984565735, 0.9657065868377686, 0.9703212976455688, 0.9682685136795044, 0.9706830978393555, 0.9740378856658936, 0.9745662808418274, 0.9757187962532043, 0.9810592532157898, 0.9750816822052002, 0.9779182076454163, 0.979433536529541, 0.9810575246810913, 0.9826828837394714, 0.9793320894241333, 0.9820969700813293, 0.9861617684364319, 0.9829513430595398, 0.9875830411911011, 0.9833150506019592, 0.9803798794746399, 0.9837691783905029, 0.9802576899528503, 0.9863377809524536, 0.9895905256271362, 0.9827141165733337, 0.9836450219154358, 0.9892882704734802, 0.9813973307609558, 0.9864882826805115, 0.9921109080314636, 0.9852988719940186, 0.9880504608154297, 0.9895686507225037, 0.9895017743110657, 0.9888529181480408, 0.9863666892051697, 0.993209958076477, 0.9848970174789429, 0.9926559329032898, 0.9890372157096863, 0.9889276623725891, 0.9915670156478882, 0.9896979928016663, 0.9929607510566711, 0.9904337525367737, 0.985744297504425, 0.992250919342041], "val_loss": [252.35935974121094, 342.11614990234375, 251.4163818359375, 233.14805603027344, 226.91893005371094, 203.68836975097656, 449.2841491699219, 179.79922485351562, 161.8187255859375, 191.99307250976562, 1683.115478515625, 161.07403564453125, 144.2409210205078, 190.42266845703125, 108.70947265625, 242.21109008789062, 44.462257385253906, 354.5673522949219, 31.009355545043945, 47.38192367553711, 142.63882446289062, 54.21662521362305, 28.168670654296875, 34.06241989135742, 101.3290786743164, 29.397363662719727, 105.77200317382812, 90.46513366699219, 77.11251831054688, 17.755203247070312, 112.4406509399414, 15.460126876831055, 16.124988555908203, 17.545875549316406, 81.97235870361328, 12.42902660369873, 34.761138916015625, 15.119466781616211, 67.1052017211914, 14.829081535339355, 53.15361022949219, 11.678240776062012, 53.79338455200195, 26.084274291992188, 26.96987533569336, 9.083139419555664, 18.436952590942383, 16.249038696289062, 13.049899101257324, 24.106706619262695, 19.20384979248047, 28.479598999023438, 7.0485334396362305, 20.609710693359375, 45.42490768432617, 44.176021575927734, 19.33170509338379, 12.42850399017334, 61.81298065185547, 26.877864837646484, 18.47031021118164, 11.997316360473633, 6.172743797302246, 14.081746101379395, 54.75442886352539, 11.587955474853516, 11.844852447509766, 23.948244094848633, 14.653340339660645, 256.724365234375, 17.57427215576172, 7.5384416580200195, 302.38360595703125],