{"loss": [302.75506591796875, 234.58609008789062, 206.23446655273438, 175.62911987304688, 145.68666076660156, 112.01614379882812, 77.71973419189453, 52.53495407104492, 40.058135986328125, 31.042932510375977, 27.5118350982666, 25.318817138671875, 20.043066024780273, 18.14802360534668, 16.107330322265625, 14.942147254943848, 13.214191436767578, 12.843567848205566, 11.53538990020752, 11.00352954864502, 10.274248123168945, 10.064260482788086, 9.053509712219238, 8.744014739990234, 8.16887378692627, 8.107534408569336, 7.707554340362549, 7.290923595428467, 7.021402359008789, 6.648726463317871, 6.586097717285156, 6.258854389190674, 5.891852378845215, 6.049495220184326, 5.643167972564697, 5.555052757263184, 5.273245334625244, 5.078740119934082, 4.893903732299805, 4.934897422790527, 4.81179141998291, 4.752501487731934, 4.490906238555908, 4.4294562339782715, 4.362569332122803, 4.2337822914123535, 4.047841548919678, 3.992299795150757, 3.934386968612671, 3.807985782623291, 3.863093137741089, 3.84317946434021, 3.660273790359497, 3.607527732849121, 3.4992473125457764, 3.515882968902588, 3.441657543182373, 3.3676230907440186, 3.338702917098999, 3.5089521408081055, 3.1360714435577393, 3.0934157371520996, 3.016618490219116, 3.0675811767578125, 3.003156900405884, 2.9771652221679688, 2.7842395305633545, 2.959502696990967, 2.788398027420044, 2.7085800170898438], "mae": [13.00773811340332, 10.690657615661621, 9.621781349182129, 8.568835258483887, 7.6302170753479, 6.719438552856445, 5.702573299407959, 4.756976127624512, 4.219978332519531, 3.787523031234741, 3.6013314723968506, 3.429354667663574, 3.1132915019989014, 2.976776123046875, 2.8108766078948975, 2.7229104042053223, 2.5640416145324707, 2.513282060623169, 2.4181971549987793, 2.3570103645324707, 2.282256841659546, 2.2381060123443604, 2.145914077758789, 2.0884110927581787, 2.0471208095550537, 2.035076856613159, 1.966353178024292, 1.9145445823669434, 1.8746200799942017, 1.8444819450378418, 1.834449052810669, 1.7897604703903198, 1.7296785116195679, 1.7391375303268433, 1.6867866516113281, 1.6759543418884277, 1.6439532041549683, 1.6064648628234863, 1.5765881538391113, 1.5901373624801636, 1.552843689918518, 1.551597237586975, 1.5062496662139893, 1.50050687789917, 1.4803098440170288, 1.4574599266052246, 1.4393250942230225, 1.413820743560791, 1.4016534090042114, 1.3843967914581299, 1.391462802886963, 1.390541672706604, 1.3523412942886353, 1.3496710062026978, 1.3310046195983887, 1.3299801349639893, 1.3186633586883545, 1.2984843254089355, 1.2895711660385132, 1.3011417388916016, 1.252010464668274, 1.2439666986465454, 1.2243335247039795, 1.2382546663284302, 1.2155638933181763, 1.2226452827453613, 1.187516212463379, 1.211274266242981, 1.1835451126098633, 1.1668431758880615], "root_mean_squared_error": [17.399858474731445, 15.316203117370605, 14.360865592956543, 13.252513885498047, 12.070073127746582, 10.583767890930176, 8.815879821777344, 7.2480998039245605, 6.3291497230529785, 5.571618556976318, 5.245172500610352, 5.03178071975708, 4.476948261260986, 4.260049819946289, 4.013393878936768, 3.8655073642730713, 3.6351330280303955, 3.5837924480438232, 3.396378755569458, 3.3171567916870117, 3.2053468227386475, 3.172421932220459, 3.0089049339294434, 2.9570279121398926, 2.858124017715454, 2.8473732471466064, 2.7762482166290283, 2.7001709938049316, 2.6497929096221924, 2.57851243019104, 2.5663392543792725, 2.501770257949829, 2.427313804626465, 2.4595720767974854, 2.375535249710083, 2.3569159507751465, 2.2963547706604004, 2.253606081008911, 2.212216854095459, 2.2214629650115967, 2.19357967376709, 2.180023193359375, 2.119175910949707, 2.1046273708343506, 2.0886764526367188, 2.0576157569885254, 2.0119247436523438, 1.9980740547180176, 1.983528971672058, 1.9514061212539673, 1.96547532081604, 1.9604028463363647, 1.9131841659545898, 1.8993492126464844, 1.870627522468567, 1.8750687837600708, 1.855170488357544, 1.8351085186004639, 1.827211856842041, 1.8732197284698486, 1.7708956003189087, 1.7588108777999878, 1.7368415594100952, 1.7514511346817017, 1.732961893081665, 1.725446343421936, 1.6686040163040161, 1.720320463180542, 1.6698496341705322, 1.645776391029358], "R_squared": [0.5070925951004028, 0.6230601668357849, 0.6680001616477966, 0.7180194854736328, 0.7637762427330017, 0.8177587389945984, 0.872576117515564, 0.9139099717140198, 0.933804988861084, 0.948138952255249, 0.9544245004653931, 0.9581013321876526, 0.9667261838912964, 0.9696345925331116, 0.9731692671775818, 0.9751547574996948, 0.9780130386352539, 0.9787255525588989, 0.9806240200996399, 0.9818546175956726, 0.983023464679718, 0.9832757711410522, 0.9848990440368652, 0.9855402708053589, 0.9864302277565002, 0.9865453243255615, 0.9872410893440247, 0.9879409670829773, 0.9884040951728821, 0.9889672994613647, 0.9890679717063904, 0.9895751476287842, 0.9903057813644409, 0.9900228381156921, 0.9906363487243652, 0.9908487200737, 0.9912398457527161, 0.9916449785232544, 0.9919148087501526, 0.9917875528335571, 0.9919877052307129, 0.9922047853469849, 0.992553174495697, 0.992665708065033, 0.9926735162734985, 0.9929794073104858, 0.9933424592018127, 0.9933905005455017, 0.9935344457626343, 0.993685245513916, 0.9935881495475769, 0.9936373829841614, 0.9939286112785339, 0.9940242171287537, 0.9942001104354858, 0.9941199421882629, 0.9943271279335022, 0.9944068789482117, 0.9944114685058594, 0.9941112995147705, 0.9948363304138184, 0.9948819279670715, 0.9949941635131836, 0.9948869943618774, 0.9950371980667114, 0.9950639605522156, 0.9953535199165344, 0.9950605630874634, 0.9953664541244507, 0.9954760074615479], "val_loss": [251.3683319091797, 256.7786865234375, 201.567626953125, 239.3026580810547, 217.3190460205078, 169.6177520751953, 105.26806640625, 65.37793731689453, 167.04202270507812, 56.99851989746094, 114.37581634521484, 67.20405578613281, 54.75881576538086, 36.46033477783203, 37.98713302612305, 37.06575393676758, 57.254371643066406, 40.05050277709961, 33.5461540222168, 45.34104919433594, 39.70294189453125, 30.272750854492188, 43.121551513671875, 34.8151741027832, 50.69570541381836, 33.93765640258789, 27.667436599731445, 30.291296005249023, 30.60625648498535, 27.736366271972656, 28.744483947753906, 37.04641342163086, 28.828893661499023, 31.125062942504883, 31.206363677978516, 26.910642623901367, 32.92082977294922, 34.738155364990234, 30.690628051757812, 27.1180419921875, 31.559038162231445, 29.88690948486328, 34.529014587402344, 26.712766647338867, 26.560842514038086, 31.309480667114258, 31.27939224243164, 27.363330841064453, 27.875404357910156, 34.99022674560547, 26.86020851135254, 26.122201919555664, 26.371076583862305, 35.36452865600586, 24.495779037475586, 25.494794845581055, 25.65013885498047, 48.61224365234375, 26.93070411682129, 23.769424438476562, 29.02837371826172, 32.8619270324707, 26.35181999206543, 29.365997314453125, 28.030536651611328, 29.52382469177246, 32.30543518066406, 25.260440826416016, 25.71122169494629, 28.325429916381836],