{"loss": [2807.80419921875, 2715.25341796875, 2715.255615234375, 2715.2568359375, 2715.254150390625, 2715.2568359375, 2715.252685546875, 2715.25634765625, 2715.25244140625, 2715.255126953125, 2715.254150390625], "mae": [45.33049011230469, 45.134159088134766, 45.134159088134766, 45.134159088134766, 45.134159088134766, 45.134159088134766, 45.134159088134766, 45.134159088134766, 45.134159088134766, 45.134159088134766, 45.134159088134766], "root_mean_squared_error": [52.98871994018555, 52.10809326171875, 52.108116149902344, 52.10812759399414, 52.10810089111328, 52.10812759399414, 52.10808563232422, 52.10811996459961, 52.10808563232422, 52.10810852050781, 52.10810089111328], "R_squared": [-3.633108139038086, -3.5103795528411865, -3.518357992172241, -3.4991700649261475, -3.4909563064575195, -3.5026299953460693, -3.4716906547546387, -3.5364341735839844, -3.495999813079834, -3.509998321533203, -3.502687931060791], "val_loss": [2661.053466796875, 2661.053466796875, 2661.053466796875, 2661.053466796875, 2661.053466796875, 2661.053466796875, 2661.053466796875, 2661.053466796875, 2661.053466796875, 2661.053466796875, 2661.053466796875], "val_mae": [44.543663024902344, 44.543663024902344, 44.543663024902344, 44.543663024902344, 44.543663024902344, 44.543663024902344, 44.543663024902344, 44.543663024902344, 44.543663024902344, 44.543663024902344, 44.543663024902344], "val_root_mean_squared_error": [51.58539962768555, 51.58539962768555, 51.58539962768555, 51.58539962768555, 51.58539962768555, 51.58539962768555, 51.58539962768555, 51.58539962768555, 51.58539962768555, 51.58539962768555, 51.58539962768555], "val_R_squared": [-3.4356000423431396, -3.4356000423431396, -3.4356000423431396, -3.4356000423431396, -3.4356000423431396, -3.4356000423431396, -3.4356000423431396, -3.4356000423431396, -3.4356000423431396, -3.4356000423431396, -3.4356000423431396]}